username;Jak czułeś/aś się dziś rano?;Jak oceniasz jakość swojego snu ostatniej nocy?;updated_at
0;6;6;2022-12-07 08:33:10.068587+00
0;5;6;2022-12-08 08:14:45.907254+00
0;5;5;2022-12-09 07:55:36.627723+00
0;4;4;2022-12-11 13:55:50.569971+00
0;4;3;2022-12-13 09:00:29.252731+00
0;6;7;2022-12-14 11:53:37.406523+00
0;4;3;2022-12-17 18:00:57.535222+00
0;4;4;2022-12-20 09:28:29.755373+00
0;4;4;2022-12-21 08:39:19.113481+00
0;5;6;2022-12-26 14:09:32.579708+00
0;7;7;2022-12-27 11:34:13.409014+00
0;7;7;2022-12-28 11:33:46.727435+00
0;4;4;2023-01-07 21:38:42.237892+00
0;4;3;2023-01-11 11:17:10.042901+00
0;6;6;2023-01-12 14:14:38.189798+00
0;6;7;2023-01-13 10:35:16.411063+00
0;4;4;2023-01-16 09:54:47.221666+00
0;4;3;2023-01-19 10:02:36.629277+00
0;6;6;2023-01-20 09:45:00.202195+00
0;4;6;2023-01-25 16:55:35.523615+00
0;5;6;2023-01-27 10:22:01.985671+00
0;4;4;2023-01-29 21:24:12.395633+00
0;4;4;2023-01-30 08:26:03.932007+00
0;4;3;2023-01-31 12:09:41.079083+00
0;4;6;2023-02-08 11:12:05.103451+00
0;3;4;2023-02-14 19:28:48.290922+00
0;4;4;2023-02-15 12:02:15.459845+00
0;4;5;2023-02-19 19:26:51.689741+00
0;4;4;2023-02-21 09:28:34.224957+00
0;3;3;2023-03-01 13:21:45.188936+00
1;3;3;2022-12-06 19:03:11.516289+00
1;4;3;2022-12-07 19:04:49.116946+00
1;2;4;2022-12-09 17:37:37.110188+00
1;4;5;2022-12-11 13:31:23.099927+00
1;5;6;2022-12-12 19:14:44.929808+00
1;2;4;2022-12-13 20:28:21.306673+00
1;3;3;2022-12-14 16:04:29.161023+00
1;3;4;2022-12-15 18:35:34.46578+00
1;4;4;2022-12-16 09:55:13.393188+00
1;4;5;2022-12-17 15:45:12.570966+00
1;2;2;2022-12-19 17:37:19.538003+00
1;3;2;2022-12-20 18:06:23.933917+00
1;4;5;2022-12-22 08:01:42.410293+00
1;5;5;2022-12-28 08:33:15.969126+00
1;5;5;2022-12-29 10:53:38.670575+00
1;5;5;2022-12-30 19:02:14.847014+00
1;3;2;2022-12-31 18:36:20.511188+00
1;2;1;2023-01-02 14:52:09.522841+00
1;3;3;2023-01-04 08:18:56.890217+00
1;5;4;2023-01-05 10:00:13.166758+00
1;3;3;2023-01-11 14:48:54.463292+00
1;5;5;2023-01-12 18:14:00.202719+00
1;3;3;2023-01-13 06:55:52.704827+00
1;3;3;2023-01-16 20:19:31.384294+00
1;4;5;2023-01-17 07:25:02.141674+00
1;6;6;2023-01-18 06:59:50.766148+00
1;4;5;2023-01-19 07:04:09.191947+00
1;2;1;2023-01-23 09:08:08.451101+00
1;6;6;2023-01-25 06:03:28.010917+00
1;3;4;2023-01-26 06:06:59.101414+00
1;5;5;2023-01-28 09:20:28.405341+00
1;2;2;2023-01-30 11:43:00.097199+00
1;4;4;2023-01-31 08:25:09.389981+00
1;2;2;2023-02-02 07:10:13.04093+00
1;2;2;2023-02-06 08:09:32.555708+00
1;2;2;2023-02-09 07:04:06.829679+00
1;4;3;2023-02-13 07:23:19.768489+00
1;3;3;2023-02-14 18:45:13.333592+00
1;6;5;2023-02-15 07:02:35.995256+00
1;1;1;2023-02-16 07:27:42.654208+00
1;3;3;2023-02-17 09:02:43.157565+00
1;3;4;2023-02-20 07:22:35.40532+00
1;3;2;2023-02-21 07:49:26.962371+00
1;5;4;2023-02-23 13:38:22.774906+00
1;4;5;2023-02-24 16:48:45.772883+00
1;3;3;2023-02-28 12:11:03.087632+00
1;2;1;2023-03-02 16:54:56.031727+00
1;4;3;2023-03-03 06:47:38.325533+00
1;4;3;2023-03-09 09:20:31.961898+00
1;4;4;2023-03-10 07:20:01.301708+00
1;5;5;2023-03-13 07:07:48.813544+00
2;7;7;2022-12-06 22:25:57.528873+00
2;7;7;2022-12-08 21:19:31.965035+00
2;7;7;2022-12-09 21:28:10.863068+00
2;7;7;2022-12-10 11:20:44.837186+00
2;7;7;2022-12-11 12:21:52.787727+00
2;6;6;2022-12-12 18:01:49.321031+00
2;7;7;2022-12-14 08:46:08.727952+00
2;7;7;2022-12-15 17:53:08.522715+00
2;7;7;2022-12-16 19:22:38.995517+00
2;6;6;2022-12-17 17:59:37.339575+00
2;5;5;2022-12-19 21:30:09.91952+00
2;7;7;2022-12-20 08:11:08.607276+00
2;4;4;2022-12-21 18:29:12.800921+00
2;6;6;2022-12-22 23:20:44.619667+00
2;6;6;2022-12-23 22:19:09.387501+00
2;3;3;2022-12-27 14:17:46.755597+00
2;7;7;2022-12-28 10:41:17.31027+00
2;6;6;2022-12-29 12:24:41.140689+00
2;4;5;2023-01-09 20:57:53.349288+00
2;5;5;2023-01-10 21:08:36.723882+00
2;7;7;2023-01-11 09:35:36.719313+00
2;6;6;2023-01-12 17:34:12.506703+00
2;6;6;2023-01-13 17:40:58.917571+00
2;6;6;2023-01-15 18:19:56.174974+00
2;4;4;2023-01-23 21:33:04.659667+00
2;3;3;2023-01-26 13:21:33.924812+00
2;3;3;2023-01-27 21:05:06.779209+00
2;3;3;2023-01-28 22:01:45.052585+00
2;3;3;2023-01-30 21:38:50.551049+00
2;4;4;2023-02-03 20:23:54.522301+00
2;5;5;2023-02-06 11:38:27.148583+00
2;4;4;2023-02-07 10:43:05.579033+00
2;3;3;2023-02-08 16:00:40.124257+00
2;3;3;2023-02-10 17:55:55.704998+00
2;3;3;2023-02-12 16:55:33.300484+00
2;3;3;2023-02-13 11:59:52.797102+00
2;3;3;2023-02-17 20:50:48.291803+00
2;4;4;2023-02-21 18:19:27.592008+00
2;4;4;2023-02-23 18:07:27.356038+00
3;5;7;2023-01-02 08:57:56.58571+00
3;1;1;2023-01-03 10:15:50.974468+00
3;3;5;2023-01-04 06:31:59.554822+00
3;7;7;2023-01-05 13:00:32.340612+00
3;7;7;2023-01-09 08:36:53.977746+00
3;7;7;2023-01-10 10:17:32.652652+00
3;7;7;2023-01-11 08:33:11.486375+00
3;7;7;2023-01-12 10:45:14.979074+00
3;6;5;2023-01-13 11:12:39.237451+00
3;6;7;2023-01-16 08:16:03.019643+00
3;7;7;2023-01-17 10:18:47.791269+00
3;4;7;2023-01-18 10:20:05.208712+00
3;6;7;2023-01-19 10:45:33.344168+00
3;4;7;2023-01-20 11:40:55.805626+00
3;5;5;2023-01-21 13:19:22.688551+00
3;5;7;2023-01-23 09:12:43.269244+00
3;7;7;2023-01-26 09:50:32.525328+00
3;5;7;2023-02-21 16:08:57.519141+00
3;7;7;2023-02-22 16:53:13.24944+00
3;7;7;2023-02-23 18:09:31.10311+00
3;7;7;2023-02-24 17:41:35.250494+00
3;6;5;2023-03-01 15:17:13.060019+00
3;7;7;2023-03-02 14:34:01.312345+00
3;7;7;2023-03-03 14:34:54.175867+00
3;7;7;2023-03-06 09:06:51.969113+00
3;5;7;2023-03-07 09:45:25.088325+00
3;4;5;2023-03-08 18:35:08.244598+00
3;5;4;2023-03-09 08:39:56.863868+00
4;3;6;2022-12-06 20:27:46.384938+00
4;5;7;2022-12-07 09:38:08.684454+00
4;4;5;2022-12-08 08:42:00.410734+00
4;4;6;2022-12-09 10:34:46.489944+00
4;4;4;2022-12-10 19:48:02.405148+00
4;4;4;2022-12-11 19:30:43.315925+00
4;4;6;2022-12-12 17:22:51.146565+00
4;4;5;2022-12-14 17:01:59.888763+00
4;2;3;2022-12-15 17:16:00.136193+00
4;2;3;2022-12-16 18:07:55.793031+00
4;3;3;2022-12-17 13:06:20.771182+00
4;3;4;2022-12-18 17:16:44.73314+00
4;2;3;2022-12-19 17:33:12.033689+00
4;2;2;2022-12-20 19:18:52.414626+00
4;3;5;2022-12-21 18:46:06.320262+00
4;4;5;2023-01-02 20:56:58.106767+00
4;5;6;2023-01-03 15:22:24.387573+00
4;5;6;2023-01-04 14:19:44.223202+00
4;5;7;2023-01-05 10:23:54.393051+00
4;6;6;2023-01-09 12:02:04.113207+00
4;6;6;2023-01-10 14:31:39.992802+00
4;6;6;2023-01-11 11:35:24.002097+00
4;6;6;2023-01-13 08:49:45.220216+00
4;5;6;2023-01-16 09:26:43.336629+00
4;4;4;2023-01-17 09:45:39.043245+00
4;5;6;2023-01-19 10:38:52.383055+00
4;5;6;2023-01-20 12:57:12.449241+00
4;4;5;2023-01-23 12:43:07.812261+00
4;5;6;2023-01-24 12:16:11.032795+00
4;4;5;2023-01-25 09:44:31.913636+00
4;5;6;2023-01-27 12:16:15.390341+00
4;4;6;2023-01-30 13:33:15.020572+00
4;5;6;2023-01-31 10:23:08.760531+00
4;5;6;2023-02-02 07:46:15.677954+00
4;5;6;2023-02-03 07:59:38.36246+00
4;5;6;2023-02-06 09:59:17.109472+00
4;4;5;2023-02-07 07:54:05.409841+00
4;4;6;2023-02-08 11:21:33.10118+00
4;5;6;2023-02-09 11:38:30.529437+00
4;4;4;2023-02-10 09:21:53.751783+00
5;6;7;2022-12-20 12:48:19.695936+00
5;6;6;2022-12-22 13:06:37.035028+00
5;3;4;2023-01-02 14:16:30.669118+00
5;4;4;2023-01-03 14:41:08.433642+00
5;5;5;2023-01-04 13:46:31.57958+00
5;5;5;2023-01-05 18:30:17.315948+00
5;4;4;2023-01-09 14:04:04.743788+00
5;3;3;2023-01-11 14:39:19.809043+00
5;4;4;2023-01-13 14:27:54.982414+00
5;4;4;2023-01-16 22:26:52.012924+00
5;4;4;2023-01-17 00:28:59.306755+00
5;4;4;2023-01-20 22:57:18.730238+00
5;4;3;2023-01-24 22:38:12.90078+00
5;4;4;2023-01-25 10:39:36.243603+00
5;4;4;2023-01-26 13:46:28.716719+00
5;4;4;2023-01-30 13:15:54.548907+00
5;5;4;2023-01-31 13:14:47.230289+00
5;4;4;2023-02-01 14:38:52.099406+00
5;4;4;2023-02-02 15:22:55.738881+00
5;4;4;2023-02-03 12:12:25.313473+00
5;4;4;2023-02-06 14:06:39.956942+00
5;4;4;2023-02-07 13:59:56.955331+00
5;4;4;2023-02-10 00:00:58.27287+00
5;3;4;2023-02-27 17:57:26.171233+00
5;2;2;2023-02-28 13:56:08.559376+00
5;4;4;2023-03-02 15:13:46.337049+00
5;5;4;2023-03-08 15:14:47.996812+00
5;4;4;2023-03-09 21:13:36.278519+00
6;4;7;2022-12-20 16:13:50.937689+00
6;6;6;2022-12-29 12:04:47.568109+00
6;6;6;2023-01-13 16:42:02.465367+00
6;5;5;2023-01-27 12:24:57.840149+00
6;7;7;2023-01-28 16:55:19.445326+00
6;6;6;2023-02-04 16:29:40.46786+00
6;4;4;2023-02-06 22:13:27.892979+00
6;4;4;2023-02-07 18:39:21.763766+00
6;6;6;2023-02-23 16:41:46.844362+00
7;3;4;2022-12-06 20:59:47.442634+00
7;5;5;2022-12-07 19:47:18.905338+00
7;4;5;2022-12-08 21:27:54.659992+00
7;5;6;2022-12-12 00:16:17.966481+00
7;6;6;2022-12-14 00:35:35.628293+00
7;6;6;2022-12-15 00:16:13.674389+00
7;6;6;2022-12-16 00:06:32.742539+00
7;4;4;2022-12-20 13:59:36.646157+00
7;6;6;2022-12-21 13:56:57.782435+00
7;5;5;2022-12-22 13:31:11.532039+00
7;6;6;2022-12-28 13:45:00.997702+00
7;6;6;2022-12-29 15:27:37.195764+00
7;6;6;2022-12-30 15:32:49.552433+00
7;6;6;2023-01-08 12:31:47.197765+00
7;3;3;2023-01-10 09:04:21.679587+00
7;3;2;2023-01-11 07:18:36.483487+00
7;5;7;2023-01-16 15:50:24.423038+00
7;5;6;2023-01-18 08:38:29.089988+00
7;3;6;2023-01-19 10:28:55.541694+00
7;5;7;2023-01-21 20:59:15.591884+00
7;3;3;2023-01-23 20:35:21.732864+00
7;3;3;2023-01-25 14:17:05.913216+00
7;5;5;2023-01-26 07:13:28.182965+00
7;3;3;2023-01-30 07:06:37.322818+00
7;3;3;2023-01-31 07:18:52.060344+00
7;4;4;2023-02-01 14:03:15.802633+00
7;4;4;2023-02-02 08:33:26.33696+00
7;5;5;2023-02-04 15:17:08.232055+00
7;5;5;2023-02-05 19:14:46.123296+00
7;2;2;2023-02-06 13:01:45.416312+00
7;4;4;2023-02-07 07:50:47.824241+00
7;4;5;2023-02-08 13:38:11.322525+00
7;5;6;2023-02-09 13:14:26.839604+00
7;5;6;2023-02-15 12:09:07.15501+00
7;6;6;2023-02-16 13:40:11.84686+00
7;5;5;2023-02-17 08:04:46.033197+00
7;5;5;2023-02-19 16:22:20.592287+00
7;4;5;2023-02-21 14:36:15.621574+00
7;1;1;2023-02-23 13:10:29.543362+00
7;5;5;2023-02-24 08:05:25.987445+00
7;5;5;2023-02-27 16:04:09.599327+00
7;4;4;2023-02-28 07:34:24.552383+00
7;5;5;2023-03-01 08:58:37.946161+00
8;4;5;2022-12-06 20:44:58.025766+00
8;6;6;2022-12-11 12:00:19.745595+00
8;7;7;2022-12-12 08:20:51.819868+00
8;7;6;2022-12-14 18:03:29.258419+00
8;6;6;2022-12-15 17:26:25.916496+00
8;6;7;2022-12-19 18:31:44.16004+00
8;6;7;2022-12-20 14:40:53.093061+00
8;4;4;2022-12-28 10:43:28.409112+00
8;4;5;2022-12-29 13:09:01.576157+00
8;5;5;2022-12-30 08:28:35.145355+00
8;2;2;2023-01-02 16:57:08.126606+00
8;4;4;2023-01-03 18:57:53.488941+00
8;4;4;2023-01-04 17:03:44.193248+00
8;5;5;2023-01-05 18:46:20.597913+00
8;4;5;2023-01-06 13:41:17.301593+00
8;4;5;2023-01-08 11:03:32.320617+00
8;4;5;2023-01-09 18:37:10.407155+00
8;3;3;2023-01-16 11:27:54.662228+00
8;5;5;2023-01-17 18:04:35.282488+00
8;5;5;2023-01-18 19:22:35.00865+00
8;5;6;2023-01-19 18:30:15.309847+00
8;5;6;2023-01-29 10:51:55.413715+00
8;4;5;2023-01-30 15:49:17.111944+00
8;3;3;2023-02-14 17:29:30.478016+00
8;4;5;2023-02-15 09:13:13.22793+00
8;4;4;2023-02-18 09:58:32.794646+00
8;5;5;2023-02-19 12:09:58.189174+00
8;5;5;2023-02-20 08:48:19.254667+00
8;4;5;2023-02-21 12:52:08.035186+00
9;5;6;2022-12-07 13:23:12.791721+00
9;7;7;2022-12-08 14:05:49.369174+00
9;5;7;2022-12-09 09:07:35.864122+00
9;4;4;2022-12-12 14:42:23.579243+00
9;6;6;2022-12-13 10:31:01.415407+00
9;5;5;2022-12-14 18:08:22.533592+00
9;5;6;2022-12-15 08:13:48.071071+00
9;5;5;2022-12-16 14:45:34.204988+00
9;5;5;2022-12-20 14:04:57.533403+00
9;4;4;2022-12-21 14:24:50.909664+00
9;5;6;2022-12-22 11:59:07.290553+00
9;5;5;2022-12-28 18:38:41.445358+00
9;6;7;2023-01-02 11:23:33.573368+00
9;5;7;2023-01-03 10:01:42.92215+00
9;6;7;2023-01-04 12:38:02.015677+00
9;4;4;2023-01-05 11:05:59.265299+00
9;7;7;2023-01-09 13:17:49.484174+00
9;6;7;2023-01-10 11:01:17.773486+00
9;6;6;2023-01-11 13:56:10.466244+00
9;7;7;2023-01-13 13:21:04.136721+00
9;3;4;2023-01-17 13:07:27.963218+00
9;7;7;2023-01-19 14:16:12.483979+00
9;7;7;2023-01-20 08:36:37.268236+00
9;6;7;2023-01-30 11:58:30.377627+00
9;7;7;2023-01-31 12:00:59.507128+00
9;6;6;2023-02-06 13:58:41.497705+00
9;5;5;2023-02-07 13:10:02.594873+00
9;3;5;2023-02-08 13:54:10.322133+00
9;5;6;2023-02-09 13:50:16.124404+00
9;5;6;2023-02-10 12:14:46.769795+00
9;7;7;2023-02-13 12:19:30.283113+00
9;5;5;2023-02-14 13:22:04.328833+00
9;5;6;2023-02-15 11:10:14.748617+00
9;6;6;2023-02-20 11:36:02.974926+00
9;6;7;2023-02-21 08:50:13.769172+00
9;5;5;2023-02-22 11:42:06.881468+00
9;3;3;2023-02-27 12:51:18.316988+00
9;7;7;2023-02-28 10:55:11.122301+00
10;6;7;2022-12-06 19:30:44.611029+00
10;7;7;2022-12-07 16:10:29.274127+00
10;6;6;2022-12-08 07:23:55.67822+00
10;6;5;2022-12-09 08:12:53.178426+00
10;6;7;2022-12-10 07:43:33.439233+00
10;7;7;2022-12-11 16:10:23.66696+00
10;7;7;2022-12-12 20:50:40.859759+00
10;6;6;2022-12-13 16:55:44.559929+00
10;7;7;2022-12-14 16:47:50.956709+00
10;3;3;2022-12-16 17:24:36.511065+00
10;4;5;2022-12-17 10:48:28.405468+00
10;3;6;2022-12-18 13:24:25.689313+00
10;7;7;2023-01-01 14:52:19.711089+00
10;6;6;2023-01-02 10:34:51.959176+00
10;6;7;2023-01-03 16:17:02.974802+00
10;7;6;2023-01-04 07:32:31.853177+00
10;6;6;2023-01-08 15:51:57.676042+00
10;6;6;2023-01-09 16:26:08.902342+00
10;6;6;2023-01-10 11:06:38.574488+00
10;6;6;2023-01-11 16:30:37.057683+00
10;6;6;2023-01-13 09:25:32.835607+00
10;6;7;2023-01-14 11:33:09.787405+00
10;6;5;2023-01-15 07:50:24.31101+00
10;6;6;2023-01-16 16:58:16.747428+00
10;6;6;2023-01-19 09:17:24.006411+00
10;5;6;2023-01-20 13:44:07.553965+00
10;6;7;2023-01-21 08:06:05.910782+00
10;6;5;2023-01-24 11:14:25.680966+00
10;5;4;2023-02-01 18:14:46.484898+00
10;6;7;2023-02-02 12:24:16.579902+00
10;7;7;2023-02-03 07:45:16.994177+00
10;6;6;2023-02-04 06:45:45.411771+00
10;4;4;2023-02-06 22:26:34.383885+00
10;7;7;2023-02-07 18:12:20.53466+00
10;7;7;2023-02-08 14:04:24.017239+00
10;3;3;2023-02-13 12:32:15.717948+00
10;6;7;2023-02-19 08:46:47.799027+00
10;7;7;2023-02-22 09:06:39.321866+00
11;2;5;2022-12-21 09:36:19.880883+00
11;6;6;2022-12-23 08:00:58.554994+00
11;5;3;2023-01-03 12:54:48.090231+00
11;6;7;2023-01-11 07:53:15.493909+00
11;5;3;2023-01-13 00:27:53.123446+00
11;5;6;2023-01-16 10:58:25.212342+00
11;3;6;2023-01-17 14:14:00.989458+00
11;3;5;2023-01-23 18:24:52.259855+00
11;3;6;2023-01-24 05:17:22.366651+00
11;2;3;2023-01-25 16:55:43.831535+00
11;5;2;2023-01-26 10:04:20.831172+00
11;3;6;2023-01-31 16:58:53.396476+00
11;5;6;2023-02-07 11:04:04.61273+00
11;5;3;2023-02-18 12:09:26.218686+00
11;4;5;2023-02-20 08:33:52.57177+00
11;4;6;2023-02-21 16:09:02.567928+00
12;1;2;2023-01-07 16:47:27.119154+00
12;3;5;2023-01-08 10:12:10.549887+00
12;4;1;2023-01-09 22:59:46.295842+00
12;4;5;2023-01-10 20:17:44.251583+00
13;5;4;2022-12-26 13:56:15.57077+00
13;6;6;2023-01-01 16:41:10.638839+00
13;7;7;2023-01-02 17:23:39.736806+00
13;6;6;2023-01-03 13:11:31.793471+00
13;6;6;2023-01-04 13:20:19.861996+00
13;6;6;2023-01-08 15:46:01.839614+00
13;6;6;2023-01-10 17:22:05.08799+00
13;6;6;2023-01-11 15:56:00.328834+00
13;6;6;2023-01-12 13:11:53.184067+00
13;6;6;2023-01-13 17:03:01.875591+00
13;6;6;2023-01-15 10:04:33.24824+00
13;6;6;2023-01-17 17:31:23.910037+00
13;6;6;2023-01-18 13:43:36.899102+00
13;6;6;2023-01-19 13:26:58.451347+00
13;6;6;2023-01-20 15:41:28.428544+00
13;6;6;2023-01-22 15:38:58.732811+00
13;6;6;2023-01-25 18:32:59.627499+00
13;6;6;2023-01-28 12:27:40.199427+00
13;6;6;2023-01-29 18:46:59.165463+00
13;6;6;2023-01-30 17:03:14.370306+00
13;6;6;2023-01-31 16:18:59.96986+00
13;6;6;2023-02-01 17:05:37.778832+00
13;6;6;2023-02-02 12:54:13.123874+00
13;6;6;2023-02-03 18:07:56.501288+00
13;6;6;2023-02-05 11:48:25.829202+00
13;6;6;2023-02-07 17:32:04.631789+00
13;6;6;2023-02-08 12:55:13.404545+00
13;6;6;2023-02-09 16:48:04.124115+00
13;6;6;2023-02-11 17:08:50.28634+00
13;6;6;2023-02-12 17:51:58.358709+00
13;6;6;2023-02-13 16:05:33.062006+00
13;6;6;2023-02-14 15:54:21.016213+00
13;6;6;2023-02-15 08:26:00.191165+00
13;6;6;2023-02-20 17:15:03.488486+00
13;6;6;2023-02-22 17:44:22.731237+00
13;6;6;2023-02-23 18:22:42.399108+00
13;6;6;2023-02-25 17:21:47.714568+00
13;6;6;2023-02-26 17:24:55.888181+00
13;6;6;2023-02-27 17:19:03.481098+00
13;6;6;2023-03-01 18:24:17.257282+00
13;6;6;2023-03-02 17:47:17.853793+00
13;6;6;2023-03-04 18:24:09.056258+00
13;6;6;2023-03-07 16:44:18.215968+00
13;6;6;2023-03-08 14:08:35.395371+00
13;6;6;2023-03-09 17:31:20.831586+00
13;6;6;2023-03-11 17:58:53.280135+00
13;6;6;2023-03-12 19:23:03.245155+00
14;5;5;2022-12-07 12:54:38.936246+00
14;5;5;2022-12-08 11:06:10.640102+00
14;5;5;2022-12-10 22:49:56.087599+00
14;4;4;2022-12-18 00:25:19.63848+00
14;4;4;2022-12-19 23:53:23.843299+00
14;4;4;2022-12-28 21:48:26.827796+00
14;4;3;2022-12-29 22:41:15.047865+00
14;5;5;2022-12-30 12:52:42.917593+00
14;3;3;2023-01-03 21:15:54.461842+00
14;5;4;2023-01-06 23:04:11.061577+00
14;5;4;2023-01-09 22:31:45.797712+00
14;4;3;2023-01-10 21:45:06.186096+00
14;4;3;2023-01-11 22:51:53.909774+00
14;4;3;2023-01-12 22:38:02.987624+00
14;3;3;2023-01-15 21:52:47.736722+00
14;3;3;2023-01-16 22:01:20.815615+00
14;4;3;2023-01-17 22:08:52.058972+00
14;4;4;2023-02-07 13:46:27.358461+00
14;5;5;2023-02-08 14:39:00.389679+00
14;4;3;2023-02-10 08:26:56.344185+00
14;4;4;2023-02-14 22:22:49.629911+00
14;4;5;2023-02-15 11:07:10.409153+00
14;4;3;2023-02-16 12:56:41.456835+00
14;4;4;2023-02-28 22:29:23.179283+00
15;7;7;2022-12-20 18:05:19.187046+00
15;4;4;2022-12-21 09:15:51.574988+00
15;6;6;2022-12-22 07:07:13.523101+00
15;6;6;2022-12-27 07:08:14.766071+00
15;7;7;2022-12-28 06:50:38.084566+00
15;5;4;2022-12-29 07:03:06.072404+00
15;5;5;2022-12-30 07:52:47.277861+00
15;5;5;2022-12-31 08:29:08.369843+00
15;5;5;2023-01-01 09:35:04.104735+00
15;6;6;2023-01-02 06:51:20.922902+00
15;6;6;2023-01-03 07:30:53.706162+00
15;5;6;2023-01-04 06:59:35.024252+00
15;5;5;2023-01-05 09:11:42.934747+00
15;5;5;2023-01-06 09:20:03.834865+00
15;6;6;2023-01-07 08:17:23.061841+00
15;6;6;2023-01-08 09:10:24.760727+00
15;6;6;2023-01-09 06:51:24.462151+00
15;5;5;2023-01-10 08:29:35.024679+00
15;5;5;2023-01-11 07:01:12.747576+00
15;5;5;2023-01-12 06:40:59.6531+00
15;6;7;2023-01-13 06:53:28.856476+00
15;5;5;2023-01-14 08:09:37.225978+00
15;4;4;2023-01-15 06:47:32.26914+00
15;6;6;2023-01-16 07:23:53.14305+00
15;5;5;2023-01-17 06:51:01.352061+00
15;6;6;2023-01-18 06:54:32.153865+00
15;5;5;2023-01-19 06:55:55.023221+00
15;5;5;2023-01-20 07:43:18.618371+00
15;5;5;2023-01-21 08:19:50.38946+00
15;6;6;2023-01-22 11:05:04.390397+00
15;5;5;2023-01-23 08:12:45.577686+00
15;6;6;2023-01-24 06:56:39.183555+00
15;4;5;2023-01-25 06:49:47.458277+00
15;4;5;2023-01-26 06:44:04.322519+00
15;5;6;2023-01-27 07:07:34.422696+00
15;6;6;2023-01-28 10:57:17.20537+00
15;6;7;2023-01-29 10:20:25.913832+00
15;6;6;2023-02-05 11:26:36.72298+00
15;6;6;2023-02-06 06:10:06.566331+00
15;6;6;2023-02-07 06:52:18.295002+00
15;6;6;2023-02-08 06:53:03.973349+00
15;6;6;2023-02-09 06:51:59.293946+00
15;6;6;2023-02-10 06:55:08.870694+00
15;6;6;2023-02-11 08:21:57.630034+00
15;6;6;2023-02-12 10:26:08.09916+00
15;6;6;2023-02-13 07:08:18.875925+00
15;6;6;2023-02-14 06:54:00.424561+00
15;6;6;2023-02-15 07:23:33.292836+00
15;6;6;2023-02-16 06:47:07.264867+00
15;6;6;2023-02-17 06:43:56.779963+00
15;6;6;2023-02-18 08:42:50.052824+00
15;6;6;2023-02-19 11:05:46.618959+00
15;6;6;2023-02-20 06:54:06.13812+00
15;6;6;2023-02-21 06:38:55.443561+00
15;6;6;2023-02-22 08:46:36.438515+00
15;6;6;2023-02-23 06:53:10.520643+00
15;6;6;2023-02-24 08:54:54.350475+00
15;6;6;2023-02-25 19:10:47.783736+00
15;6;6;2023-02-26 09:53:59.362111+00
15;6;6;2023-02-27 07:02:26.572614+00
15;6;6;2023-02-28 06:08:42.196421+00
15;6;6;2023-03-01 06:57:18.255346+00
15;6;6;2023-03-02 06:57:56.496468+00
15;6;6;2023-03-03 06:56:52.415467+00
15;6;6;2023-03-04 10:43:29.385341+00
15;6;6;2023-03-05 11:08:11.472865+00
15;6;6;2023-03-06 06:26:53.162405+00
15;6;6;2023-03-07 09:29:49.156564+00
15;6;6;2023-03-08 08:39:40.646668+00
15;6;6;2023-03-09 07:04:11.423291+00
15;6;6;2023-03-10 06:54:38.646645+00
15;6;6;2023-03-11 05:57:19.247663+00
15;6;6;2023-03-12 14:55:12.151963+00
15;6;6;2023-03-13 09:36:40.602228+00
16;5;7;2022-12-20 17:33:46.102043+00
16;5;7;2022-12-21 00:29:59.578396+00
16;4;7;2022-12-22 14:05:00.310001+00
16;6;5;2023-01-02 12:52:05.174126+00
16;5;5;2023-01-03 11:22:00.716706+00
16;5;6;2023-01-04 12:44:00.259157+00
16;2;2;2023-01-05 08:40:02.40024+00
16;5;5;2023-01-09 11:22:47.381971+00
16;5;5;2023-01-10 00:45:35.8145+00
16;3;5;2023-01-11 11:18:29.467626+00
16;4;4;2023-01-12 16:30:22.571427+00
16;3;6;2023-01-16 12:58:11.666158+00
16;6;6;2023-01-17 15:14:09.077589+00
16;3;5;2023-01-18 11:57:45.967566+00
16;5;5;2023-01-19 00:31:04.04497+00
16;1;4;2023-01-20 13:16:59.175849+00
16;2;4;2023-01-23 12:05:29.979409+00
16;6;4;2023-01-24 11:29:51.334637+00
16;5;6;2023-01-25 12:47:18.758389+00
16;6;5;2023-01-26 12:49:54.420143+00
16;4;6;2023-01-27 14:09:04.684998+00
16;6;6;2023-01-30 11:22:52.489825+00
16;4;5;2023-01-31 14:10:05.210905+00
16;6;6;2023-02-02 12:51:00.415567+00
16;7;7;2023-02-03 12:33:05.7074+00
16;4;4;2023-02-06 12:50:14.440626+00
16;3;4;2023-02-07 12:29:13.261315+00
16;6;6;2023-02-08 13:01:30.860427+00
16;3;7;2023-02-09 11:43:28.792967+00
16;6;6;2023-02-10 13:09:45.819725+00
16;5;5;2023-02-13 12:36:34.845964+00
16;6;6;2023-02-14 12:30:09.500557+00
16;7;6;2023-02-15 09:54:39.508321+00
16;6;6;2023-02-16 18:35:33.942068+00
16;3;6;2023-02-17 12:58:36.845534+00
16;5;5;2023-02-19 20:40:36.624361+00
16;5;6;2023-02-20 10:52:01.059589+00
16;7;6;2023-02-21 12:10:58.659319+00
16;6;6;2023-02-22 13:13:19.376272+00
16;6;6;2023-02-23 14:54:27.545158+00
16;5;6;2023-02-24 12:25:14.809292+00
16;6;6;2023-02-25 13:41:33.233288+00
16;6;7;2023-02-26 10:29:10.01487+00
16;6;7;2023-02-27 11:00:37.29768+00
16;4;7;2023-02-28 11:17:50.002688+00
16;7;7;2023-03-01 12:36:07.175557+00
16;6;6;2023-03-02 13:06:21.003179+00
16;7;6;2023-03-03 14:33:02.19528+00
16;6;7;2023-03-04 11:09:02.347448+00
16;6;6;2023-03-06 10:33:55.968929+00
16;6;6;2023-03-07 16:59:53.472834+00
16;4;6;2023-03-08 09:58:05.047788+00
16;5;5;2023-03-09 11:13:17.711961+00
16;7;7;2023-03-10 16:00:26.481994+00
16;6;6;2023-03-11 12:43:58.586933+00
16;6;6;2023-03-13 12:58:45.20138+00
17;6;6;2022-12-06 22:44:58.396424+00
17;6;5;2022-12-07 09:30:32.87844+00
17;5;5;2022-12-08 08:28:15.416543+00
17;6;7;2022-12-09 08:45:00.620464+00
17;7;7;2022-12-12 08:30:20.11031+00
17;6;6;2022-12-13 08:15:00.832724+00
17;5;5;2022-12-14 08:30:24.729304+00
17;7;7;2022-12-15 09:44:25.623972+00
17;4;4;2022-12-16 08:46:24.210501+00
17;7;7;2022-12-19 16:47:49.288488+00
17;4;5;2022-12-20 08:35:40.190075+00
17;6;7;2022-12-21 08:54:54.367422+00
17;5;7;2022-12-22 08:32:54.099669+00
17;4;5;2022-12-28 21:41:50.163597+00
17;6;7;2022-12-30 22:59:24.441383+00
17;5;5;2022-12-31 10:39:36.277274+00
17;5;6;2023-01-02 07:55:05.023519+00
17;4;4;2023-01-03 09:43:32.341924+00
17;6;7;2023-01-04 08:26:34.933348+00
17;5;6;2023-01-05 08:42:16.918458+00
17;4;3;2023-01-09 08:59:47.009408+00
17;6;7;2023-01-11 08:32:26.981186+00
17;7;7;2023-01-12 08:25:26.26512+00
17;6;7;2023-01-13 08:23:14.352777+00
17;7;7;2023-01-16 08:03:44.903896+00
17;6;6;2023-01-17 10:45:27.732233+00
17;4;7;2023-01-19 09:23:34.509537+00
17;4;5;2023-01-20 08:48:00.360738+00
17;6;6;2023-01-23 08:15:07.361406+00
17;7;7;2023-01-26 15:28:22.460975+00
17;7;7;2023-01-27 08:25:26.269179+00
17;3;2;2023-01-30 11:15:03.435714+00
17;3;6;2023-01-31 10:39:22.213882+00
17;6;5;2023-02-02 08:46:57.964954+00
17;5;6;2023-02-06 10:18:31.354328+00
17;5;5;2023-02-07 08:12:18.411795+00
17;6;6;2023-02-08 08:52:58.268057+00
17;7;7;2023-02-20 09:40:06.484126+00
17;6;6;2023-02-22 12:02:24.02442+00
17;6;6;2023-02-23 09:21:53.352445+00
17;6;7;2023-02-24 08:56:03.249986+00
17;4;4;2023-02-27 09:44:25.936211+00
17;6;7;2023-02-28 08:39:04.42346+00
18;2;2;2022-12-07 11:56:41.677504+00
18;2;2;2022-12-08 11:21:03.52192+00
18;3;3;2022-12-09 08:27:51.313472+00
18;3;2;2022-12-12 09:37:43.128571+00
18;3;4;2022-12-13 07:45:30.516083+00
18;2;2;2022-12-14 07:45:54.736461+00
18;4;4;2022-12-15 14:17:19.985895+00
18;3;2;2022-12-16 12:46:37.722712+00
18;2;2;2022-12-19 10:01:12.067888+00
18;3;2;2023-01-02 11:57:39.567713+00
18;2;1;2023-01-03 08:12:36.285611+00
18;2;2;2023-01-04 14:27:11.971581+00
18;4;3;2023-01-10 12:57:40.110948+00
18;4;4;2023-01-11 14:06:02.852201+00
18;2;1;2023-01-14 13:38:15.185711+00
18;3;3;2023-01-17 13:56:53.102705+00
18;1;2;2023-01-19 08:59:56.819249+00
18;4;4;2023-01-20 13:22:21.80935+00
18;4;4;2023-01-23 07:45:38.75776+00
18;4;4;2023-01-24 13:51:30.092196+00
18;4;4;2023-01-30 14:02:04.000912+00
18;4;3;2023-01-31 09:51:41.08313+00
18;4;4;2023-02-01 12:40:42.36215+00
18;4;2;2023-02-06 09:33:46.1434+00
18;4;4;2023-02-08 09:51:48.060402+00
18;4;4;2023-02-09 13:29:01.921248+00
18;4;4;2023-02-10 09:05:38.989117+00
18;4;4;2023-02-13 12:47:32.689333+00
18;3;3;2023-02-14 08:54:33.16262+00
18;3;3;2023-02-15 08:21:23.167527+00
18;3;3;2023-02-16 10:08:26.558093+00
18;3;3;2023-02-17 13:39:00.390499+00
18;3;3;2023-02-22 11:21:13.99118+00
18;4;4;2023-02-28 07:16:23.615177+00
18;4;4;2023-03-01 11:54:58.55646+00
18;4;4;2023-03-06 13:59:44.539654+00
18;4;4;2023-03-07 11:32:23.57516+00
19;6;6;2022-12-07 13:52:08.472775+00
19;3;4;2022-12-08 09:41:35.500148+00
19;6;6;2022-12-09 09:06:10.83301+00
19;6;5;2022-12-12 16:24:55.656369+00
19;6;5;2022-12-14 09:16:48.056837+00
19;4;5;2022-12-16 10:05:39.33191+00
19;7;7;2022-12-28 21:41:28.972014+00
19;5;5;2023-01-09 10:35:20.536877+00
19;6;6;2023-01-10 20:33:41.212352+00
19;5;5;2023-01-11 15:23:27.36157+00
19;5;6;2023-01-12 21:19:38.538956+00
19;5;5;2023-01-16 14:27:09.717389+00
19;3;4;2023-01-17 08:28:37.009567+00
19;5;5;2023-01-18 12:59:08.259375+00
19;6;6;2023-01-19 09:44:31.523332+00
19;6;7;2023-01-20 14:37:25.791134+00
19;5;5;2023-01-24 12:02:34.062177+00
19;6;6;2023-01-28 23:23:11.557891+00
19;6;7;2023-01-29 22:28:36.639975+00
19;5;5;2023-01-31 00:03:36.74715+00
19;6;6;2023-02-02 10:58:59.382989+00
19;6;6;2023-02-08 10:07:01.430458+00
19;6;6;2023-02-14 10:40:57.404724+00
19;6;6;2023-02-15 07:06:50.505009+00
19;7;7;2023-02-28 14:04:55.458508+00
19;6;6;2023-03-03 15:38:31.731771+00
19;6;7;2023-03-09 09:27:21.489691+00
20;5;5;2022-12-07 06:59:40.023541+00
20;4;5;2022-12-08 06:26:27.803132+00
20;2;2;2022-12-09 06:19:38.673116+00
20;6;5;2022-12-11 19:31:09.125082+00
20;4;4;2022-12-12 07:08:47.281766+00
20;1;1;2022-12-13 07:19:22.394451+00
20;4;3;2022-12-14 06:24:42.610196+00
20;1;1;2022-12-15 07:58:10.512021+00
20;1;4;2022-12-16 06:57:32.536832+00
20;3;3;2022-12-20 06:42:57.258489+00
20;1;1;2022-12-21 06:48:49.922152+00
20;3;3;2023-01-02 06:32:15.758887+00
20;5;5;2023-01-03 07:57:25.968637+00
20;4;4;2023-01-04 06:46:51.308585+00
20;2;2;2023-01-07 12:14:59.5926+00
20;4;3;2023-01-08 17:11:17.692057+00
20;5;5;2023-01-09 08:01:32.077127+00
20;6;5;2023-01-10 06:35:30.800659+00
20;2;2;2023-01-11 06:28:20.231505+00
20;1;1;2023-01-12 09:27:27.623009+00
20;2;2;2023-01-13 08:35:16.14659+00
20;3;3;2023-01-16 07:10:57.809372+00
20;3;3;2023-01-17 06:32:59.273579+00
20;1;1;2023-01-18 06:21:45.260776+00
20;2;2;2023-01-24 14:04:52.890978+00
20;2;2;2023-01-25 06:12:33.447671+00
20;3;2;2023-01-26 08:34:44.450872+00
20;4;4;2023-01-27 06:56:46.884996+00
20;5;5;2023-01-30 09:20:24.104107+00
20;2;2;2023-01-31 08:30:19.248548+00
20;4;4;2023-02-02 09:08:03.138321+00
20;5;4;2023-02-03 09:52:07.265444+00
20;4;4;2023-02-06 08:03:44.51489+00
20;3;2;2023-02-07 09:04:10.638382+00
20;3;3;2023-02-08 08:30:22.725498+00
20;3;3;2023-02-09 08:21:19.94368+00
20;3;3;2023-02-13 08:39:17.113337+00
20;3;3;2023-02-14 08:58:15.546549+00
20;3;4;2023-02-15 12:30:29.415614+00
20;2;2;2023-02-17 10:16:13.901286+00
20;3;3;2023-02-20 06:37:23.862622+00
20;3;3;2023-02-21 07:20:03.245669+00
20;3;2;2023-02-23 08:53:08.899071+00
21;5;6;2022-12-07 14:21:01.135512+00
21;3;4;2022-12-10 11:38:57.351567+00
21;7;7;2022-12-12 01:17:06.549569+00
21;7;5;2022-12-24 11:21:03.349656+00
21;7;7;2022-12-29 03:56:54.391158+00
21;4;4;2022-12-30 17:14:46.984918+00
21;3;3;2022-12-31 18:32:56.946994+00
21;1;1;2023-01-04 12:21:34.427116+00
21;5;7;2023-01-05 16:02:37.167621+00
21;7;7;2023-01-29 20:06:59.439765+00
21;5;5;2023-01-31 07:31:16.001423+00
21;6;6;2023-02-17 18:50:39.661402+00
21;7;7;2023-02-19 11:40:22.815632+00
21;6;6;2023-02-22 12:19:33.106564+00
21;5;5;2023-02-23 14:59:28.302309+00
21;7;6;2023-02-24 14:35:55.402004+00
21;7;7;2023-02-25 17:19:12.192301+00
22;7;7;2022-12-07 10:29:35.378353+00
22;5;7;2022-12-08 09:17:22.988792+00
22;5;5;2022-12-10 08:27:07.85265+00
22;6;6;2022-12-11 10:48:29.182082+00
22;5;7;2022-12-12 09:04:14.787133+00
22;5;7;2022-12-13 08:24:17.167587+00
22;4;6;2022-12-14 13:12:35.38286+00
22;3;7;2022-12-16 10:06:38.641627+00
22;7;7;2022-12-20 12:45:28.372041+00
22;7;7;2022-12-21 16:59:00.608822+00
22;7;7;2022-12-22 10:14:05.512236+00
22;4;7;2022-12-25 18:07:19.7366+00
22;5;7;2022-12-27 18:15:30.683541+00
22;3;3;2022-12-30 09:15:10.580287+00
22;6;7;2022-12-31 11:19:47.969915+00
22;7;7;2023-01-02 11:20:44.965982+00
22;7;7;2023-01-03 14:27:38.465874+00
22;7;7;2023-01-04 13:45:02.377683+00
22;7;7;2023-01-05 08:48:06.130788+00
22;5;7;2023-01-06 09:39:30.161782+00
22;7;7;2023-01-07 11:10:43.014836+00
22;6;7;2023-01-08 09:18:17.806754+00
22;7;7;2023-01-09 19:14:09.093806+00
22;5;7;2023-01-10 09:05:56.857294+00
22;7;7;2023-01-11 19:32:27.366661+00
22;5;7;2023-01-12 15:28:17.668404+00
22;5;5;2023-01-13 15:05:07.580384+00
22;7;7;2023-01-16 21:02:15.662535+00
22;7;7;2023-01-17 18:30:07.942726+00
22;7;7;2023-01-19 12:34:37.197172+00
22;6;7;2023-01-22 18:35:37.117962+00
22;5;7;2023-01-23 21:40:16.337379+00
22;5;7;2023-01-24 14:27:52.019296+00
22;7;7;2023-01-25 11:35:28.536639+00
22;7;7;2023-01-27 14:29:38.772057+00
22;7;7;2023-01-30 16:48:17.067193+00
22;6;7;2023-01-31 10:32:45.168461+00
22;7;7;2023-02-01 16:45:20.967055+00
22;7;7;2023-02-02 16:27:19.76928+00
22;7;7;2023-02-05 19:26:53.185703+00
22;7;7;2023-02-06 14:06:28.449929+00
22;7;7;2023-02-07 11:34:31.837428+00
22;7;7;2023-02-08 16:14:55.647885+00
22;7;7;2023-02-09 15:26:00.967797+00
22;7;7;2023-02-10 14:32:07.667319+00
22;7;7;2023-02-12 17:04:01.11006+00
22;5;7;2023-02-13 09:50:20.639712+00
22;7;7;2023-02-14 09:01:23.242241+00
22;7;7;2023-02-15 14:13:28.968195+00
22;7;7;2023-02-16 14:59:00.21713+00
22;7;7;2023-02-17 10:06:34.587164+00
22;7;7;2023-02-20 10:55:54.336394+00
22;2;5;2023-02-21 10:37:30.438301+00
22;6;7;2023-02-22 11:22:18.037472+00
22;4;7;2023-02-24 11:51:27.522829+00
22;7;7;2023-02-26 11:54:39.625637+00
22;5;7;2023-02-27 16:15:07.145302+00
22;4;7;2023-02-28 09:30:30.074819+00
22;7;7;2023-03-02 10:03:28.941515+00
23;6;5;2022-12-07 09:18:55.809964+00
23;5;5;2022-12-08 07:29:27.947894+00
23;6;5;2022-12-09 08:03:33.804367+00
23;6;6;2022-12-12 09:05:13.503179+00
23;7;7;2022-12-13 11:20:42.088044+00
23;6;7;2022-12-14 09:18:33.71043+00
23;7;7;2022-12-15 12:40:29.29831+00
23;3;3;2022-12-22 10:05:45.305909+00
23;6;6;2022-12-27 15:32:19.201+00
23;6;6;2022-12-28 18:26:09.786076+00
23;4;4;2022-12-29 18:05:42.848658+00
23;4;4;2022-12-31 17:01:28.629124+00
23;3;4;2023-01-01 18:42:22.899328+00
23;5;5;2023-01-02 08:14:08.407984+00
23;3;3;2023-01-05 09:54:41.09354+00
23;4;4;2023-01-08 20:33:50.052809+00
23;6;5;2023-01-09 17:33:30.057807+00
23;4;4;2023-01-10 21:28:24.381436+00
23;6;6;2023-01-12 13:17:02.89888+00
23;4;3;2023-01-15 07:24:06.52178+00
23;4;4;2023-01-16 13:59:00.807827+00
23;2;2;2023-01-17 14:29:30.512263+00
23;6;6;2023-01-20 12:09:56.709433+00
23;6;6;2023-01-23 09:53:22.052922+00
23;6;6;2023-01-24 13:29:31.283112+00
23;6;5;2023-01-25 08:27:18.396815+00
23;2;2;2023-01-29 21:18:32.33424+00
23;4;3;2023-01-30 11:38:39.576767+00
23;7;7;2023-02-02 13:50:35.402885+00
23;5;5;2023-02-03 13:14:28.494498+00
23;6;6;2023-02-07 14:09:54.487282+00
23;4;4;2023-02-09 10:08:38.364257+00
23;6;6;2023-02-10 10:54:03.967604+00
23;6;6;2023-02-20 09:15:15.311089+00
23;5;5;2023-02-21 07:42:33.365997+00
23;6;6;2023-02-22 07:56:18.547476+00
23;6;6;2023-02-23 10:27:34.392082+00
23;6;6;2023-03-01 09:38:58.364975+00
23;6;6;2023-03-02 09:57:40.853892+00
23;6;6;2023-03-03 10:15:03.531215+00
23;6;6;2023-03-06 09:10:38.546047+00
24;7;7;2022-12-07 10:13:49.626528+00
24;7;7;2022-12-08 07:44:45.440531+00
24;5;7;2022-12-09 12:28:25.556203+00
24;2;2;2022-12-12 18:28:04.629217+00
24;2;2;2022-12-13 22:47:13.245001+00
24;3;2;2022-12-15 14:40:48.371456+00
24;5;6;2022-12-16 09:25:18.860597+00
24;7;7;2022-12-19 09:21:27.186182+00
24;6;6;2022-12-20 09:25:49.102034+00
24;7;7;2022-12-26 21:17:02.341904+00
24;7;7;2022-12-27 13:46:32.143113+00
24;7;7;2022-12-28 11:35:32.839655+00
24;7;7;2022-12-29 09:57:42.304809+00
24;7;7;2022-12-30 19:37:08.942299+00
24;7;7;2022-12-31 19:21:16.08029+00
24;7;7;2023-01-02 18:27:17.736191+00
24;7;7;2023-01-03 19:51:54.931546+00
24;5;4;2023-01-04 12:07:37.074096+00
24;7;7;2023-01-05 08:56:55.725107+00
24;7;7;2023-01-06 21:44:06.684072+00
24;6;6;2023-01-08 12:32:31.023618+00
24;6;4;2023-01-09 11:21:08.93471+00
24;7;7;2023-01-10 09:27:45.488443+00
24;6;7;2023-01-11 14:57:17.577407+00
24;4;4;2023-01-12 10:12:27.166825+00
24;1;1;2023-01-13 22:02:04.773846+00
24;4;4;2023-01-14 21:36:56.46498+00
24;7;7;2023-01-15 12:30:03.118904+00
24;4;4;2023-01-16 14:19:48.490971+00
24;3;5;2023-01-18 08:10:01.83563+00
24;6;7;2023-01-20 13:31:32.230455+00
24;7;7;2023-01-21 20:58:25.253672+00
24;7;7;2023-01-22 20:21:13.07832+00
24;6;6;2023-01-23 12:29:45.575839+00
24;7;7;2023-01-24 11:15:13.339734+00
24;6;7;2023-01-25 10:41:01.508841+00
24;4;3;2023-01-26 13:51:42.458768+00
24;5;7;2023-01-27 10:30:26.579714+00
24;7;7;2023-01-28 20:20:30.576573+00
24;7;7;2023-01-29 18:58:03.197599+00
24;7;7;2023-01-30 08:42:00.620834+00
24;7;7;2023-01-31 11:02:10.694237+00
24;5;5;2023-02-02 14:28:03.831375+00
24;7;7;2023-02-03 13:02:41.752798+00
24;7;7;2023-02-07 09:08:15.818318+00
24;7;7;2023-02-08 15:10:59.416505+00
24;7;7;2023-02-09 09:14:23.587584+00
24;5;5;2023-02-13 12:44:52.94404+00
24;7;7;2023-02-14 10:58:12.663448+00
24;7;7;2023-02-15 13:54:28.43486+00
24;7;7;2023-02-20 10:14:05.142418+00
24;7;7;2023-02-21 11:50:49.029996+00
24;5;5;2023-02-22 12:55:31.375987+00
24;7;7;2023-02-23 10:45:51.579953+00
24;7;7;2023-02-24 09:21:36.467043+00
24;7;7;2023-02-27 21:03:03.417864+00
24;7;7;2023-02-28 10:42:52.775685+00
24;7;7;2023-03-03 10:10:14.091533+00
24;7;7;2023-03-08 14:41:17.132125+00
25;7;7;2022-12-21 17:25:29.256643+00
25;5;6;2023-01-02 18:44:46.516691+00
25;5;4;2023-01-05 11:31:34.977066+00
25;4;4;2023-01-09 10:19:45.935389+00
26;3;2;2022-12-07 09:09:33.188348+00
26;2;3;2022-12-08 11:01:01.292277+00
26;2;3;2022-12-14 18:07:22.095363+00
26;5;5;2022-12-15 12:33:25.950407+00
26;3;4;2022-12-16 10:23:31.497715+00
26;3;5;2022-12-18 16:29:23.913141+00
26;2;5;2022-12-19 07:41:56.629173+00
26;4;5;2022-12-20 10:54:55.617766+00
26;3;3;2022-12-21 12:07:00.793158+00
26;3;4;2022-12-23 14:11:49.927649+00
26;3;5;2022-12-25 12:27:21.593499+00
26;5;4;2022-12-26 13:00:14.653807+00
26;4;3;2022-12-31 01:41:48.210501+00
26;4;4;2023-01-02 08:11:20.733791+00
26;2;2;2023-01-03 08:04:14.613849+00
26;3;3;2023-01-04 07:22:51.232944+00
26;4;4;2023-01-05 09:37:39.569031+00
26;2;2;2023-01-09 15:49:29.065966+00
26;3;3;2023-01-10 07:43:00.168578+00
26;4;3;2023-01-11 07:46:23.501595+00
26;5;5;2023-01-12 10:10:58.478798+00
26;4;4;2023-01-16 07:31:10.574205+00
26;5;5;2023-01-17 08:52:06.683454+00
26;4;4;2023-01-18 10:03:53.948199+00
26;3;3;2023-01-23 08:47:50.346876+00
26;5;5;2023-01-24 10:03:39.843744+00
26;3;2;2023-01-25 13:25:39.693777+00
26;4;4;2023-01-26 08:43:34.609766+00
26;4;4;2023-01-27 07:51:49.933384+00
26;3;3;2023-01-30 13:45:18.106353+00
26;3;3;2023-01-31 11:54:22.946749+00
26;4;4;2023-02-02 09:54:14.794656+00
26;2;2;2023-02-06 08:00:43.233982+00
26;4;4;2023-02-07 07:35:06.816572+00
26;4;4;2023-02-08 10:30:46.86297+00
26;3;4;2023-02-12 08:23:37.901679+00
26;3;3;2023-02-14 19:45:04.158238+00
26;4;4;2023-02-19 16:38:21.653043+00
26;4;4;2023-02-20 18:33:05.485699+00
26;4;4;2023-02-21 07:31:18.390576+00
26;3;3;2023-02-23 09:27:00.639198+00
26;3;3;2023-02-24 09:43:45.371602+00
27;6;6;2022-12-06 19:08:19.353372+00
27;1;3;2022-12-08 18:03:57.139081+00
27;3;4;2022-12-09 17:45:59.844403+00
27;2;4;2022-12-10 13:50:01.249115+00
27;3;4;2022-12-11 10:05:21.841798+00
27;1;1;2022-12-13 08:34:15.792029+00
27;1;2;2022-12-14 18:26:49.552849+00
27;1;2;2022-12-15 17:45:48.214284+00
27;1;2;2022-12-16 18:57:48.431283+00
27;1;2;2022-12-17 10:47:27.836336+00
27;1;2;2022-12-18 11:54:26.297333+00
27;1;2;2022-12-21 19:27:01.499852+00
27;3;2;2022-12-22 17:31:19.828092+00
27;1;2;2022-12-23 15:08:26.638983+00
27;2;3;2022-12-26 16:59:32.276793+00
27;2;2;2022-12-27 10:17:07.218277+00
27;3;3;2022-12-28 11:07:36.735677+00
27;2;3;2022-12-29 09:39:30.598535+00
27;2;2;2023-01-02 12:26:46.885584+00
27;1;1;2023-01-04 12:55:51.427707+00
27;2;3;2023-01-05 08:43:27.466053+00
27;2;3;2023-01-06 11:38:46.540429+00
27;2;2;2023-01-07 20:23:11.899111+00
27;1;1;2023-01-08 10:46:43.822957+00
27;2;3;2023-01-09 13:01:01.651323+00
27;2;3;2023-01-10 14:02:07.111244+00
27;2;3;2023-01-11 14:04:54.29375+00
27;2;3;2023-01-12 11:04:09.737217+00
27;1;2;2023-01-13 08:43:57.233957+00
27;2;3;2023-01-15 14:13:14.395647+00
27;1;1;2023-01-16 18:00:28.168694+00
27;2;3;2023-01-17 09:02:42.10606+00
27;3;3;2023-01-18 10:12:07.43005+00
27;2;2;2023-01-19 12:50:45.584793+00
27;2;3;2023-01-20 09:52:07.663596+00
27;3;4;2023-01-22 12:00:55.159647+00
27;2;2;2023-01-23 11:32:22.520905+00
27;3;3;2023-01-24 09:37:04.331158+00
27;2;2;2023-01-25 14:00:02.241272+00
27;2;2;2023-01-26 14:00:04.255332+00
27;2;2;2023-01-27 13:14:12.039337+00
27;3;3;2023-01-28 16:23:46.806843+00
27;2;2;2023-01-29 11:28:21.1316+00
27;2;2;2023-01-30 12:32:03.463935+00
27;2;2;2023-01-31 09:44:04.868275+00
27;3;3;2023-02-02 09:43:18.744736+00
27;2;2;2023-02-03 12:46:34.090392+00
27;2;2;2023-02-04 11:42:58.884071+00
27;2;3;2023-02-05 10:22:34.418932+00
27;1;2;2023-02-06 09:35:40.936409+00
27;1;1;2023-02-07 12:31:17.736822+00
27;2;3;2023-02-08 19:18:25.680096+00
27;2;2;2023-02-09 14:10:03.964228+00
27;1;1;2023-02-10 16:50:19.934262+00
27;2;2;2023-02-11 17:08:40.04115+00
27;2;2;2023-02-12 11:21:40.756515+00
27;2;2;2023-02-13 12:17:42.875082+00
27;1;1;2023-03-01 12:13:57.183384+00
28;4;6;2022-12-07 09:06:18.876582+00
28;2;3;2022-12-08 09:09:00.705874+00
28;4;4;2022-12-09 07:20:34.122145+00
28;6;6;2022-12-12 07:45:23.991801+00
28;3;3;2022-12-13 08:43:07.096338+00
28;4;4;2022-12-19 13:31:44.397662+00
28;4;4;2023-01-03 10:38:36.010602+00
28;5;6;2023-01-04 07:29:39.312916+00
28;3;4;2023-01-05 08:31:54.734373+00
28;2;3;2023-01-09 07:48:53.72882+00
28;2;2;2023-01-10 07:45:42.67901+00
28;4;5;2023-01-11 07:24:56.277581+00
28;3;4;2023-01-12 08:00:38.002598+00
28;2;3;2023-01-13 08:39:09.028111+00
28;5;5;2023-01-16 07:55:31.830021+00
28;4;4;2023-01-17 09:18:36.201191+00
28;2;2;2023-01-18 07:27:08.925323+00
28;2;2;2023-01-19 11:11:13.45133+00
28;3;3;2023-01-20 07:25:32.828948+00
28;4;5;2023-01-23 07:27:57.316014+00
28;5;5;2023-01-24 08:28:36.255241+00
28;3;5;2023-01-25 08:19:50.561786+00
28;3;4;2023-01-26 07:34:10.942703+00
28;3;3;2023-01-27 10:17:49.905314+00
28;3;3;2023-01-30 07:30:44.925341+00
28;1;1;2023-01-31 08:35:34.719733+00
28;2;1;2023-02-02 08:00:26.150724+00
28;4;4;2023-02-03 13:27:32.485172+00
28;5;5;2023-02-06 11:54:35.265216+00
28;3;2;2023-02-07 08:57:50.468942+00
28;4;4;2023-02-08 14:17:51.371345+00
28;4;3;2023-02-09 08:13:58.487132+00
28;5;5;2023-02-10 10:19:39.95178+00
28;4;4;2023-02-13 07:52:46.490302+00
28;3;3;2023-02-28 08:40:02.540225+00
29;6;6;2022-12-19 23:20:33.168775+00
29;5;5;2023-01-07 09:55:36.041165+00
29;4;6;2023-01-08 11:45:43.64577+00
29;6;6;2023-01-09 08:57:27.713043+00
29;6;7;2023-01-14 11:39:29.988175+00
29;6;6;2023-01-15 15:52:55.936449+00
29;6;6;2023-01-16 15:58:36.89027+00
29;4;6;2023-01-21 09:24:28.546583+00
29;5;5;2023-01-22 09:32:38.100764+00
29;5;5;2023-01-23 15:18:52.485378+00
29;5;6;2023-02-17 10:49:48.951249+00
29;5;5;2023-02-18 09:52:48.621465+00
29;3;3;2023-02-19 10:36:17.502198+00
29;5;6;2023-02-22 21:41:26.839177+00
29;5;6;2023-02-24 09:32:04.672458+00
29;3;4;2023-02-25 18:00:23.506797+00
29;4;5;2023-02-26 10:29:54.006433+00
29;5;5;2023-03-04 09:53:38.770702+00
29;6;6;2023-03-05 09:30:02.325955+00
29;6;6;2023-03-11 08:04:59.011095+00
29;5;5;2023-03-12 07:58:45.056036+00
30;5;4;2022-12-07 08:11:52.549987+00
30;2;5;2022-12-08 08:05:24.342127+00
30;1;2;2022-12-12 08:47:40.001222+00
30;5;5;2022-12-21 19:33:48.08147+00
30;6;3;2023-01-03 08:48:00.694919+00
30;4;4;2023-01-04 13:14:05.92896+00
30;2;2;2023-01-05 16:20:50.415973+00
30;3;3;2023-01-09 17:11:41.77944+00
30;3;4;2023-01-10 08:42:46.517462+00
30;4;4;2023-01-11 08:55:49.827646+00
30;1;6;2023-01-19 09:27:23.916575+00
30;1;2;2023-02-08 09:18:38.683372+00
30;3;3;2023-02-23 09:37:05.000159+00
31;7;5;2022-12-06 20:03:36.872222+00
31;5;7;2022-12-07 12:32:14.245158+00
31;5;6;2022-12-08 09:28:18.038406+00
31;5;6;2022-12-09 10:46:15.246754+00
31;7;7;2022-12-11 16:48:50.811159+00
31;7;6;2022-12-12 13:12:42.13423+00
31;6;7;2022-12-13 10:57:22.999631+00
31;6;7;2022-12-14 10:49:18.975832+00
31;6;7;2022-12-15 12:46:14.468628+00
31;7;7;2022-12-17 19:38:08.970062+00
31;7;7;2022-12-18 12:17:57.720535+00
31;6;7;2022-12-19 17:46:02.290032+00
31;5;5;2022-12-20 11:34:26.672058+00
31;6;6;2022-12-21 08:03:57.023858+00
31;6;6;2023-01-03 19:05:22.384909+00
31;4;5;2023-01-05 21:06:32.101264+00
31;4;5;2023-01-07 19:55:39.175343+00
31;7;7;2023-01-08 18:34:03.004854+00
31;6;6;2023-01-09 13:29:48.280726+00
31;6;6;2023-01-10 19:19:02.458337+00
31;5;6;2023-01-13 20:12:07.706192+00
31;7;6;2023-01-14 21:43:26.77724+00
31;7;7;2023-01-15 13:33:27.588878+00
31;5;6;2023-01-18 20:35:18.057791+00
31;7;7;2023-01-21 13:25:24.869456+00
31;7;7;2023-01-22 18:08:55.845019+00
31;6;7;2023-01-30 07:57:03.206198+00
31;7;7;2023-02-04 18:10:54.273341+00
31;6;6;2023-02-06 19:01:04.031764+00
31;6;6;2023-02-08 08:05:13.464755+00
31;5;6;2023-02-09 07:54:06.0365+00
31;5;6;2023-02-10 10:42:01.507228+00
31;7;7;2023-02-11 12:32:30.786605+00
31;7;7;2023-02-12 16:13:30.377342+00
31;6;6;2023-02-13 10:06:57.032981+00
31;6;6;2023-02-16 09:04:45.908163+00
32;7;7;2022-12-21 14:37:41.794677+00
32;7;7;2022-12-22 09:39:17.069785+00
32;7;7;2022-12-30 15:07:40.104199+00
32;7;7;2023-01-02 08:29:45.383903+00
32;7;7;2023-01-03 08:41:43.327569+00
32;7;7;2023-01-04 08:55:00.652507+00
32;7;7;2023-01-05 08:21:23.136211+00
32;7;7;2023-01-09 08:08:39.195621+00
32;7;7;2023-01-10 08:32:02.010598+00
32;7;7;2023-01-11 08:29:03.803139+00
32;7;7;2023-01-12 08:44:16.086634+00
32;7;7;2023-01-13 08:20:23.655433+00
32;7;7;2023-01-16 08:20:00.055017+00
32;7;7;2023-01-17 08:23:13.396522+00
32;7;7;2023-01-18 08:10:27.695292+00
32;7;7;2023-01-19 08:44:16.36053+00
32;7;7;2023-01-20 09:07:31.956435+00
32;7;7;2023-01-23 08:20:27.116333+00
32;7;7;2023-01-24 08:16:36.0111+00
32;7;7;2023-01-25 08:27:39.305263+00
32;7;7;2023-01-26 08:17:32.097487+00
32;7;7;2023-01-27 08:34:28.301307+00
32;7;7;2023-01-30 08:29:28.745014+00
32;7;7;2023-01-31 08:18:15.424905+00
32;7;7;2023-02-01 10:05:05.250159+00
32;7;7;2023-02-02 08:10:50.349128+00
32;7;7;2023-02-03 09:13:19.748937+00
32;7;7;2023-02-06 08:31:25.062965+00
32;7;7;2023-02-07 08:21:10.739832+00
32;7;7;2023-02-08 08:17:02.874262+00
32;7;7;2023-02-09 08:36:08.696787+00
32;7;7;2023-02-10 08:07:23.053644+00
32;7;7;2023-02-13 08:40:33.091166+00
32;7;7;2023-02-14 08:05:24.54342+00
32;7;7;2023-02-15 08:13:48.800849+00
32;7;7;2023-02-16 08:08:58.804357+00
32;7;7;2023-02-17 08:01:41.978529+00
32;7;7;2023-02-20 07:46:32.039358+00
32;7;7;2023-02-21 07:15:51.30128+00
32;7;7;2023-02-22 08:26:35.224799+00
32;7;7;2023-02-23 08:30:29.121296+00
32;7;7;2023-02-24 07:46:34.172057+00
32;7;7;2023-02-27 15:15:53.141269+00
32;7;7;2023-02-28 10:02:16.639484+00
32;7;7;2023-03-01 09:59:10.147363+00
32;7;7;2023-03-02 08:07:13.71549+00
32;7;7;2023-03-03 08:20:26.455033+00
32;7;7;2023-03-06 08:44:24.658745+00
32;7;7;2023-03-07 08:44:44.774933+00
32;7;7;2023-03-08 08:19:02.149938+00
32;7;7;2023-03-09 07:44:52.457802+00
32;7;7;2023-03-10 08:59:39.437599+00
32;7;7;2023-03-13 08:00:40.287537+00
33;7;7;2022-12-11 21:31:56.596552+00
33;6;6;2022-12-18 20:25:51.283067+00
33;6;7;2022-12-25 18:49:59.642569+00
33;6;7;2022-12-28 02:04:01.950573+00
33;6;6;2022-12-29 21:27:48.364711+00
33;6;6;2022-12-30 12:08:36.131835+00
33;6;6;2022-12-31 07:20:04.103234+00
33;5;6;2023-01-16 19:41:40.272788+00
33;6;6;2023-01-17 18:02:06.525452+00
33;6;6;2023-01-22 23:11:36.31923+00
33;6;6;2023-01-25 07:47:23.019939+00
33;5;6;2023-01-27 17:36:45.896151+00
33;6;6;2023-02-02 01:29:40.157312+00
33;5;6;2023-02-03 10:30:24.730579+00
33;6;6;2023-02-04 16:16:26.705851+00
33;6;6;2023-02-05 21:03:25.004514+00
33;6;6;2023-02-06 10:11:14.082401+00
33;6;6;2023-02-07 17:48:23.679355+00
33;6;6;2023-02-08 07:44:31.344418+00
33;6;6;2023-02-13 12:45:15.297923+00
33;6;6;2023-02-14 08:03:52.668066+00
33;6;6;2023-02-16 00:43:33.971282+00
33;4;5;2023-02-18 00:47:17.302092+00
33;5;5;2023-02-19 08:56:59.817247+00
33;5;5;2023-02-22 08:02:05.166822+00
33;6;6;2023-02-25 19:03:21.292844+00
33;5;5;2023-02-27 21:38:09.828107+00
33;5;5;2023-02-28 08:34:49.772474+00
33;4;5;2023-03-01 08:33:26.974961+00
33;5;6;2023-03-02 14:02:52.617924+00
34;4;1;2022-12-20 10:33:41.09079+00
34;7;7;2022-12-21 18:32:37.480722+00
34;7;7;2022-12-22 11:42:07.754758+00
34;3;3;2023-01-02 12:44:49.24727+00
34;2;1;2023-01-05 20:11:54.814351+00
34;1;3;2023-01-07 17:46:00.539457+00
34;3;2;2023-01-09 19:57:42.782967+00
34;5;7;2023-01-13 10:16:56.029655+00
34;3;7;2023-01-14 13:14:02.22709+00
34;7;7;2023-01-16 10:12:01.597654+00
34;1;1;2023-01-25 18:00:21.134288+00
34;3;3;2023-01-28 17:20:48.816418+00
34;7;7;2023-01-29 04:53:12.960729+00
35;4;4;2022-12-20 11:13:37.962692+00
35;4;4;2023-01-03 10:19:26.570993+00
35;4;4;2023-01-12 09:15:16.66134+00
35;4;4;2023-01-29 10:14:12.750474+00
35;4;4;2023-03-01 12:17:35.516794+00
36;5;5;2022-12-07 19:39:31.848374+00
36;5;5;2022-12-08 21:31:22.895042+00
36;6;6;2022-12-09 18:07:58.752667+00
36;6;6;2022-12-10 20:23:04.612508+00
36;6;6;2022-12-11 14:15:59.011836+00
36;6;6;2022-12-12 08:20:50.697072+00
36;5;5;2022-12-13 22:00:07.669583+00
36;5;5;2022-12-15 20:26:59.088153+00
36;6;6;2022-12-16 08:15:31.191514+00
36;5;7;2022-12-18 18:36:21.176696+00
36;3;3;2022-12-19 20:25:54.279465+00
36;5;5;2022-12-20 14:41:59.232144+00
36;5;5;2022-12-21 20:58:00.304777+00
36;6;6;2022-12-28 10:55:52.879571+00
36;6;6;2022-12-31 22:05:27.837463+00
36;6;6;2023-01-03 17:15:56.834541+00
36;6;6;2023-01-08 14:24:52.057641+00
36;6;6;2023-01-10 21:57:15.968274+00
36;5;5;2023-01-11 21:04:34.239293+00
36;4;4;2023-01-14 18:04:26.315537+00
36;5;5;2023-01-15 15:08:32.01207+00
36;4;4;2023-01-17 18:25:28.468435+00
36;3;3;2023-01-24 14:39:38.416946+00
36;5;5;2023-01-25 09:28:26.845686+00
36;4;4;2023-02-01 20:05:19.428104+00
36;5;5;2023-02-03 19:26:34.660376+00
36;5;5;2023-02-06 08:29:33.494279+00
36;5;5;2023-02-08 15:05:54.806943+00
36;5;5;2023-02-09 20:49:42.761603+00
36;2;3;2023-02-10 04:45:04.276978+00
36;5;5;2023-02-14 20:42:59.027295+00
36;5;5;2023-02-15 17:14:45.572172+00
36;5;5;2023-02-16 15:31:49.189477+00
36;5;5;2023-02-21 21:11:25.666904+00
36;5;5;2023-02-22 20:41:37.731932+00
36;5;5;2023-02-23 19:02:15.318712+00
37;4;6;2022-12-07 13:36:01.002264+00
37;5;5;2022-12-08 08:12:55.131721+00
37;6;5;2022-12-09 08:20:09.964658+00
37;4;5;2022-12-12 09:30:49.221018+00
37;6;5;2022-12-16 10:40:07.997649+00
37;4;4;2022-12-19 07:52:36.262994+00
37;4;5;2022-12-20 08:24:13.488477+00
37;5;5;2022-12-28 18:46:48.441509+00
37;6;6;2022-12-29 17:35:02.730757+00
37;5;6;2022-12-30 19:49:15.820519+00
37;5;4;2023-01-02 14:19:15.856416+00
37;4;4;2023-01-04 09:01:13.313378+00
37;5;5;2023-01-05 14:06:00.445137+00
37;5;5;2023-01-09 12:19:33.970332+00
37;5;5;2023-01-12 12:15:05.352973+00
37;4;4;2023-01-13 07:59:36.712014+00
37;5;5;2023-01-14 11:57:18.03227+00
37;4;5;2023-01-16 12:13:02.076508+00
37;5;5;2023-01-17 11:11:54.370621+00
37;5;6;2023-01-20 10:18:00.322342+00
37;6;6;2023-01-23 07:26:54.411029+00
37;4;5;2023-01-24 08:29:35.650372+00
37;5;6;2023-01-25 08:47:16.710792+00
37;6;6;2023-01-26 10:40:42.98114+00
37;4;5;2023-01-27 10:05:59.048195+00
37;5;5;2023-02-03 08:25:40.540635+00
37;5;5;2023-02-06 08:40:55.337168+00
37;5;6;2023-02-07 10:49:11.727857+00
37;5;6;2023-02-08 10:07:31.913262+00
37;5;6;2023-02-09 13:37:26.672201+00
37;5;5;2023-02-14 09:14:07.012736+00
37;4;4;2023-02-20 09:15:21.976739+00
37;3;5;2023-02-21 09:38:58.601909+00
37;4;6;2023-02-22 09:36:13.208863+00
37;5;4;2023-02-23 07:57:26.435852+00
37;4;4;2023-02-24 08:10:24.812307+00
37;5;5;2023-02-25 17:40:41.552789+00
37;6;6;2023-02-26 16:01:47.718591+00
37;5;5;2023-02-27 09:22:49.012469+00
37;5;5;2023-02-28 09:20:17.61738+00
37;5;5;2023-03-03 12:11:57.219646+00
38;6;6;2022-12-06 21:35:52.876981+00
38;6;5;2022-12-07 13:06:06.483876+00
38;3;4;2022-12-08 11:26:22.386766+00
38;3;2;2022-12-09 10:28:30.389137+00
38;2;4;2022-12-12 11:44:20.048774+00
38;3;1;2022-12-13 10:56:40.655369+00
38;3;4;2022-12-19 17:29:56.267307+00
38;5;5;2022-12-20 10:42:44.058553+00
38;5;6;2022-12-28 13:22:10.619538+00
38;6;6;2022-12-29 11:49:35.902086+00
38;2;3;2023-01-02 17:36:56.867659+00
38;5;4;2023-01-03 11:57:50.795574+00
38;5;3;2023-01-04 12:18:15.407095+00
38;5;2;2023-01-05 08:02:51.9477+00
38;3;4;2023-01-08 18:27:28.549833+00
38;4;5;2023-01-09 12:38:23.950807+00
38;6;4;2023-01-10 12:01:55.756878+00
38;4;4;2023-01-11 10:55:54.667722+00
38;5;3;2023-01-12 08:58:41.203324+00
38;3;3;2023-01-13 08:44:39.947356+00
38;3;4;2023-01-16 11:24:16.305226+00
38;6;4;2023-01-17 10:12:45.985313+00
38;6;3;2023-01-18 10:25:16.888401+00
38;7;7;2023-01-19 10:03:40.61556+00
38;3;3;2023-01-20 10:06:36.035234+00
38;3;3;2023-01-23 09:33:29.33979+00
38;5;5;2023-01-24 09:07:19.447497+00
38;5;5;2023-01-25 08:46:14.205829+00
38;5;5;2023-01-26 09:00:46.161901+00
38;3;4;2023-01-27 10:36:14.383436+00
38;3;3;2023-01-30 09:54:38.245155+00
38;5;3;2023-01-31 08:11:30.590918+00
38;4;3;2023-02-01 10:03:22.398486+00
38;4;4;2023-02-02 09:35:21.072981+00
38;3;3;2023-02-03 10:29:41.047461+00
38;3;2;2023-02-06 09:41:23.396053+00
38;4;3;2023-02-07 10:02:12.098398+00
38;4;3;2023-02-08 09:48:07.520644+00
38;4;2;2023-02-09 09:34:03.858417+00
38;5;4;2023-02-10 09:54:00.361398+00
38;3;3;2023-02-13 08:29:03.918236+00
38;4;4;2023-02-14 09:23:34.758186+00
38;5;4;2023-02-15 10:26:23.305663+00
38;4;5;2023-02-16 11:13:37.03958+00
38;4;5;2023-02-17 10:03:05.903927+00
38;5;5;2023-02-20 10:05:53.808667+00
38;4;4;2023-02-21 09:19:20.151487+00
38;4;3;2023-02-22 08:27:50.670379+00
38;5;3;2023-02-23 08:20:46.308078+00
38;5;5;2023-02-27 09:32:22.280453+00
39;4;4;2022-12-07 13:19:26.518741+00
39;5;5;2022-12-08 07:12:32.721292+00
39;6;6;2022-12-09 08:46:21.013169+00
39;3;3;2022-12-19 17:30:15.783561+00
39;5;2;2022-12-20 08:46:10.771904+00
39;3;6;2022-12-21 07:31:38.355042+00
39;5;5;2022-12-22 07:43:31.871285+00
39;4;2;2023-01-02 07:39:32.443783+00
39;4;4;2023-01-03 08:36:21.424521+00
39;4;5;2023-01-04 09:54:07.890029+00
39;4;6;2023-01-05 08:43:45.892656+00
39;3;4;2023-01-09 07:42:09.721116+00
39;5;5;2023-01-10 08:28:30.201746+00
39;4;5;2023-01-11 08:37:54.431717+00
39;2;5;2023-01-12 09:00:15.391164+00
39;5;5;2023-01-13 07:57:12.5253+00
39;3;3;2023-01-16 07:55:58.453468+00
39;2;3;2023-01-17 07:47:20.969944+00
39;4;5;2023-01-18 07:43:58.009453+00
39;4;5;2023-01-19 13:00:47.746762+00
39;6;6;2023-01-20 07:10:29.792765+00
39;3;3;2023-01-23 08:35:45.990756+00
39;4;6;2023-01-24 07:51:29.873598+00
39;1;1;2023-01-25 08:20:18.276916+00
39;4;4;2023-01-26 08:27:52.454618+00
39;5;5;2023-01-27 09:10:29.077308+00
39;3;3;2023-01-30 07:20:03.87196+00
39;3;3;2023-01-31 08:30:38.826291+00
39;4;5;2023-02-01 08:59:29.793886+00
39;2;2;2023-02-02 08:49:23.031793+00
39;4;5;2023-02-03 08:46:18.924394+00
39;2;2;2023-02-06 08:36:51.497272+00
39;2;2;2023-02-07 09:41:46.267489+00
39;4;4;2023-02-08 08:36:59.820388+00
39;4;4;2023-02-09 08:11:31.744693+00
39;4;5;2023-02-10 08:13:31.832911+00
39;2;2;2023-02-13 09:07:13.880449+00
39;4;4;2023-02-14 08:57:05.564895+00
39;4;4;2023-02-15 11:05:21.359771+00
39;4;4;2023-02-17 09:54:50.975889+00
39;4;4;2023-02-24 08:10:08.933582+00
39;3;3;2023-02-27 07:07:54.463966+00
