username;Czuję się zestresowany, niespokojny, przytłoczony.;Czuję, że panuję nad sytuacją, dobrze sobie radzę, mam wszystko pod kontrolą.;updated_at
0;0;3;2022-12-07 08:33:17.433249+00
0;1;4;2022-12-08 08:14:53.71301+00
0;1;1;2022-12-09 07:55:40.466245+00
0;1;3;2022-12-11 13:55:57.488546+00
0;1;3;2022-12-13 09:00:31.732209+00
0;1;3;2022-12-14 11:53:41.111876+00
0;1;2;2022-12-17 18:01:03.155983+00
0;1;2;2022-12-20 09:28:32.179313+00
0;1;3;2022-12-21 08:39:21.544694+00
0;1;3;2022-12-26 14:09:35.918048+00
0;0;4;2022-12-27 11:35:06.824917+00
0;0;4;2022-12-28 11:33:57.150075+00
0;2;2;2023-01-07 21:38:45.489078+00
0;1;2;2023-01-11 11:17:15.923619+00
0;0;3;2023-01-12 14:14:43.778404+00
0;1;3;2023-01-13 10:35:18.976805+00
0;1;3;2023-01-16 09:54:51.142569+00
0;1;2;2023-01-19 10:02:44.459215+00
0;0;4;2023-01-20 09:45:06.622653+00
0;2;2;2023-01-25 16:55:41.756283+00
0;1;3;2023-01-27 10:22:04.410116+00
0;1;2;2023-01-29 21:24:18.167563+00
0;2;3;2023-01-30 08:26:05.768414+00
0;2;2;2023-01-31 12:09:43.00591+00
0;1;3;2023-02-08 11:12:07.222504+00
0;1;3;2023-02-14 19:28:51.654197+00
0;1;2;2023-02-15 12:02:17.868507+00
0;1;2;2023-02-19 19:26:53.767352+00
0;1;3;2023-02-21 09:28:36.632001+00
0;2;2;2023-03-01 13:21:47.764384+00
1;3;1;2022-12-06 19:03:39.017025+00
1;1;3;2022-12-07 19:05:06.483222+00
1;1;3;2022-12-09 17:37:52.626691+00
1;0;2;2022-12-11 13:31:31.636696+00
1;1;3;2022-12-12 19:14:53.605047+00
1;1;3;2022-12-13 20:28:31.801155+00
1;1;3;2022-12-14 16:04:59.885592+00
1;1;3;2022-12-15 18:35:44.211081+00
1;1;3;2022-12-16 09:55:21.902242+00
1;1;3;2022-12-17 15:45:19.650565+00
1;3;2;2022-12-19 17:37:29.836819+00
1;3;1;2022-12-20 18:07:05.902677+00
1;0;3;2022-12-22 08:01:48.876352+00
1;1;2;2022-12-28 08:33:23.439557+00
1;3;2;2022-12-29 10:53:51.883428+00
1;1;3;2022-12-30 19:02:21.601108+00
1;1;2;2022-12-31 18:36:26.535066+00
1;3;2;2023-01-02 14:52:15.616557+00
1;2;2;2023-01-04 08:19:04.009496+00
1;1;3;2023-01-05 10:00:18.26212+00
1;2;2;2023-01-11 14:49:03.268472+00
1;1;3;2023-01-12 18:14:09.778677+00
1;1;3;2023-01-13 06:55:59.67897+00
1;2;2;2023-01-16 20:19:38.587946+00
1;1;3;2023-01-17 07:25:10.702825+00
1;1;3;2023-01-18 06:59:58.6396+00
1;1;3;2023-01-19 07:04:16.080245+00
1;2;2;2023-01-23 09:08:14.043629+00
1;1;3;2023-01-25 06:03:35.784976+00
1;1;3;2023-01-26 06:07:04.480692+00
1;2;2;2023-01-28 09:20:36.670178+00
1;1;2;2023-01-30 11:43:05.244836+00
1;1;3;2023-01-31 08:25:13.203241+00
1;2;2;2023-02-02 07:10:21.307386+00
1;1;2;2023-02-06 08:09:39.015523+00
1;2;2;2023-02-09 07:04:11.302074+00
1;1;3;2023-02-13 07:23:25.20161+00
1;2;2;2023-02-14 18:45:20.06147+00
1;2;2;2023-02-15 07:02:42.429847+00
1;2;2;2023-02-16 07:27:52.040717+00
1;2;2;2023-02-17 09:02:47.220247+00
1;3;1;2023-02-20 07:22:41.381851+00
1;3;2;2023-02-21 07:49:45.162631+00
1;2;2;2023-02-23 13:38:24.442468+00
1;1;3;2023-02-24 16:48:54.135627+00
1;1;2;2023-02-28 12:11:13.602424+00
1;2;2;2023-03-02 16:55:03.858928+00
1;1;3;2023-03-03 06:47:45.522367+00
1;3;2;2023-03-09 09:20:39.665209+00
1;1;3;2023-03-10 07:20:06.244921+00
1;3;2;2023-03-13 07:07:56.463521+00
2;0;3;2022-12-06 22:26:14.158296+00
2;4;4;2022-12-08 21:19:48.427448+00
2;0;0;2022-12-09 21:28:18.166433+00
2;0;3;2022-12-10 11:20:56.756352+00
2;0;0;2022-12-11 12:22:03.41784+00
2;0;3;2022-12-12 18:01:57.059859+00
2;0;4;2022-12-14 08:46:14.520258+00
2;3;3;2022-12-15 17:53:18.118509+00
2;0;0;2022-12-16 19:22:48.376689+00
2;0;3;2022-12-17 17:59:45.908131+00
2;2;3;2022-12-19 21:30:24.235574+00
2;4;4;2022-12-20 08:11:15.423193+00
2;2;2;2022-12-21 18:29:22.653978+00
2;1;3;2022-12-22 23:20:57.561771+00
2;0;3;2022-12-23 22:19:19.512669+00
2;1;3;2022-12-27 14:18:00.979393+00
2;0;4;2022-12-28 10:41:23.805418+00
2;0;3;2022-12-29 12:24:49.79391+00
2;0;3;2023-01-09 20:58:00.386403+00
2;0;4;2023-01-10 21:08:43.116668+00
2;0;3;2023-01-11 09:35:42.722826+00
2;0;3;2023-01-12 17:34:17.552163+00
2;2;2;2023-01-13 17:41:05.926324+00
2;0;3;2023-01-15 18:20:06.62716+00
2;2;2;2023-01-23 21:33:12.633361+00
2;1;2;2023-01-26 13:21:40.83436+00
2;2;2;2023-01-27 21:05:14.921611+00
2;1;2;2023-01-28 22:01:53.558277+00
2;1;3;2023-01-30 21:38:57.694445+00
2;1;3;2023-02-03 20:24:00.892395+00
2;0;3;2023-02-06 11:38:33.49529+00
2;0;3;2023-02-07 10:43:10.190635+00
2;2;2;2023-02-08 16:00:48.060444+00
2;2;2;2023-02-10 17:56:02.934571+00
2;2;2;2023-02-12 16:55:38.903134+00
2;2;2;2023-02-13 11:59:59.175029+00
2;2;2;2023-02-17 20:51:00.046314+00
2;0;3;2023-02-21 18:19:33.156285+00
2;0;3;2023-02-23 18:07:33.00869+00
3;4;2;2023-01-02 08:58:06.355314+00
3;4;3;2023-01-03 10:16:00.060239+00
3;4;3;2023-01-04 06:32:05.746584+00
3;3;3;2023-01-05 13:00:40.510112+00
3;1;4;2023-01-09 08:37:17.59281+00
3;4;3;2023-01-10 10:17:37.545349+00
3;3;3;2023-01-11 08:33:18.302856+00
3;3;2;2023-01-12 10:45:20.107191+00
3;2;4;2023-01-13 11:12:45.343415+00
3;3;3;2023-01-16 08:16:08.275907+00
3;1;4;2023-01-17 10:18:55.594395+00
3;4;2;2023-01-18 10:20:11.859949+00
3;4;0;2023-01-19 10:45:56.31471+00
3;0;4;2023-01-20 11:41:01.958815+00
3;1;3;2023-01-21 13:19:38.268686+00
3;0;4;2023-01-23 11:10:40.341455+00
3;4;2;2023-01-26 09:50:35.998639+00
3;3;4;2023-02-21 16:09:01.460046+00
3;3;4;2023-02-22 16:53:20.687722+00
3;4;2;2023-02-23 18:09:35.949388+00
3;3;2;2023-02-24 17:41:39.796376+00
3;3;3;2023-03-01 15:17:17.26564+00
3;1;4;2023-03-02 14:34:07.597341+00
3;2;4;2023-03-03 14:35:07.56515+00
3;3;3;2023-03-06 09:06:57.140692+00
3;4;2;2023-03-07 09:45:29.820515+00
3;3;2;2023-03-08 18:35:13.631304+00
3;4;2;2023-03-09 08:40:00.86722+00
4;1;3;2022-12-06 20:27:58.462846+00
4;0;3;2022-12-07 09:45:03.512909+00
4;1;3;2022-12-08 08:42:09.124374+00
4;0;4;2022-12-09 10:34:56.799931+00
4;0;4;2022-12-10 19:48:06.279214+00
4;1;3;2022-12-11 19:30:53.856942+00
4;1;3;2022-12-12 17:23:00.540135+00
4;3;1;2022-12-14 17:02:07.855277+00
4;3;1;2022-12-15 17:16:06.870237+00
4;3;1;2022-12-16 18:08:02.547835+00
4;3;1;2022-12-17 13:06:29.047255+00
4;3;1;2022-12-18 17:16:55.099287+00
4;4;0;2022-12-19 17:33:31.571104+00
4;3;1;2022-12-20 19:18:56.455139+00
4;4;1;2022-12-21 18:48:12.267997+00
4;1;3;2023-01-02 20:57:06.705325+00
4;1;3;2023-01-03 15:22:39.092765+00
4;1;3;2023-01-04 14:20:00.568797+00
4;1;3;2023-01-05 10:23:59.203384+00
4;2;2;2023-01-09 12:02:10.938938+00
4;1;2;2023-01-10 14:31:44.226302+00
4;2;2;2023-01-11 11:35:29.513456+00
4;2;2;2023-01-13 08:49:49.189599+00
4;3;3;2023-01-16 09:26:47.256532+00
4;3;2;2023-01-17 09:47:14.251646+00
4;2;2;2023-01-19 10:38:56.687243+00
4;2;2;2023-01-20 12:57:15.100945+00
4;2;2;2023-01-23 12:43:10.893566+00
4;2;2;2023-01-24 12:16:13.513638+00
4;2;2;2023-01-25 09:44:38.833744+00
4;2;2;2023-01-27 12:16:18.496409+00
4;2;2;2023-01-30 13:33:18.897356+00
4;1;2;2023-01-31 10:23:11.108886+00
4;2;2;2023-02-02 07:46:18.262506+00
4;2;2;2023-02-03 07:59:40.530037+00
4;2;2;2023-02-06 09:59:20.286804+00
4;2;2;2023-02-07 07:54:07.674208+00
4;2;2;2023-02-08 11:21:36.240057+00
4;2;2;2023-02-09 11:38:33.314164+00
4;2;2;2023-02-10 09:21:56.412865+00
5;3;2;2022-12-20 12:48:40.005755+00
5;1;2;2022-12-22 13:06:40.555299+00
5;2;2;2023-01-02 14:16:34.766364+00
5;2;2;2023-01-03 14:41:11.264075+00
5;2;2;2023-01-04 13:48:05.844739+00
5;2;2;2023-01-05 18:30:20.971036+00
5;2;2;2023-01-09 14:04:08.717807+00
5;2;2;2023-01-11 14:39:27.567665+00
5;2;2;2023-01-13 14:27:57.558275+00
5;2;2;2023-01-16 22:26:55.23702+00
5;2;2;2023-01-17 00:29:00.780931+00
5;2;2;2023-01-20 22:57:21.348459+00
5;2;2;2023-01-24 22:38:17.318608+00
5;2;2;2023-01-25 10:39:39.397393+00
5;2;2;2023-01-26 13:46:32.735381+00
5;2;2;2023-01-30 13:15:57.147592+00
5;2;2;2023-01-31 13:14:50.31932+00
5;2;2;2023-02-01 14:38:54.218401+00
5;2;2;2023-02-02 15:22:58.195502+00
5;2;2;2023-02-03 12:12:27.544071+00
5;2;2;2023-02-06 14:06:42.300854+00
5;2;2;2023-02-07 13:59:59.916727+00
5;2;2;2023-02-10 00:01:00.418904+00
5;3;1;2023-02-27 17:57:31.012351+00
5;3;1;2023-02-28 13:56:12.397823+00
5;2;2;2023-03-02 15:13:51.395082+00
5;3;1;2023-03-08 15:14:53.609845+00
5;2;2;2023-03-09 21:14:23.459401+00
6;3;3;2022-12-20 16:14:01.808733+00
6;0;3;2022-12-29 12:04:57.464295+00
6;1;3;2023-01-13 16:42:11.744286+00
6;0;3;2023-01-27 12:25:04.607181+00
6;0;4;2023-01-28 16:55:25.251925+00
6;0;3;2023-02-04 16:29:46.920638+00
6;2;2;2023-02-06 22:13:31.46568+00
6;2;2;2023-02-07 18:39:24.902346+00
6;1;3;2023-02-23 16:41:56.747312+00
7;2;1;2022-12-06 21:00:06.773353+00
7;1;3;2022-12-07 19:47:26.394221+00
7;1;2;2022-12-08 21:28:02.90532+00
7;3;3;2022-12-12 00:16:25.043806+00
7;0;3;2022-12-14 00:35:47.318025+00
7;1;3;2022-12-15 00:16:22.095532+00
7;0;0;2022-12-16 00:06:40.150118+00
7;2;2;2022-12-20 13:59:48.353415+00
7;1;3;2022-12-21 13:57:12.897633+00
7;0;3;2022-12-22 13:31:18.01377+00
7;1;3;2022-12-28 13:45:06.112737+00
7;0;3;2022-12-29 15:27:46.480702+00
7;1;3;2022-12-30 15:32:57.285209+00
7;1;3;2023-01-08 12:31:53.187032+00
7;3;2;2023-01-10 09:04:28.005245+00
7;0;3;2023-01-11 07:18:43.629887+00
7;2;2;2023-01-16 15:50:34.56265+00
7;1;3;2023-01-18 08:38:36.192137+00
7;2;1;2023-01-19 10:29:00.307103+00
7;2;2;2023-01-21 20:59:22.593226+00
7;3;2;2023-01-23 20:35:29.649196+00
7;3;2;2023-01-25 14:17:14.771231+00
7;1;2;2023-01-26 07:13:34.364741+00
7;1;2;2023-01-30 07:06:42.810345+00
7;2;2;2023-01-31 07:18:55.984966+00
7;2;2;2023-02-01 14:03:21.634599+00
7;2;2;2023-02-02 08:33:28.092417+00
7;1;1;2023-02-04 15:17:15.487439+00
7;1;1;2023-02-05 19:14:55.6735+00
7;2;2;2023-02-06 13:01:52.734813+00
7;2;2;2023-02-07 07:50:53.919211+00
7;2;2;2023-02-08 13:38:15.170111+00
7;1;1;2023-02-09 13:14:31.029867+00
7;1;2;2023-02-15 12:09:12.643814+00
7;1;1;2023-02-16 13:40:16.577994+00
7;1;1;2023-02-17 08:04:47.801702+00
7;2;2;2023-02-19 16:22:24.684113+00
7;2;2;2023-02-21 14:36:20.590157+00
7;0;0;2023-02-23 13:10:35.552853+00
7;2;2;2023-02-24 08:05:30.565003+00
7;2;2;2023-02-27 16:04:15.995438+00
7;2;2;2023-02-28 07:34:30.754101+00
7;3;3;2023-03-01 08:58:39.788025+00
8;0;4;2022-12-06 20:45:13.209266+00
8;1;3;2022-12-11 12:00:30.689527+00
8;0;3;2022-12-12 08:20:57.127559+00
8;1;3;2022-12-14 18:03:37.894005+00
8;1;3;2022-12-15 17:26:31.03112+00
8;0;4;2022-12-19 18:31:51.121116+00
8;0;3;2022-12-20 14:40:57.998989+00
8;2;2;2022-12-28 10:43:39.465612+00
8;2;2;2022-12-29 13:09:15.577891+00
8;0;2;2022-12-30 08:28:39.671891+00
8;2;2;2023-01-02 16:57:12.727799+00
8;1;2;2023-01-03 18:57:59.896353+00
8;2;2;2023-01-04 17:03:50.181629+00
8;1;2;2023-01-05 18:46:27.417988+00
8;1;2;2023-01-06 13:41:22.333892+00
8;2;2;2023-01-08 11:03:37.137532+00
8;1;2;2023-01-09 18:37:14.880665+00
8;3;1;2023-01-16 11:28:00.471845+00
8;1;3;2023-01-17 18:04:44.620033+00
8;1;2;2023-01-18 19:22:39.717279+00
8;1;2;2023-01-19 18:30:18.480292+00
8;1;2;2023-01-29 10:51:59.093203+00
8;1;1;2023-01-30 15:49:21.710673+00
8;3;1;2023-02-14 17:29:36.247876+00
8;2;1;2023-02-15 09:13:17.367048+00
8;2;2;2023-02-18 09:58:38.269175+00
8;2;2;2023-02-19 12:10:02.564156+00
8;2;2;2023-02-20 08:48:21.910748+00
8;2;3;2023-02-21 12:52:15.087949+00
9;1;3;2022-12-07 13:23:20.46515+00
9;0;4;2022-12-08 14:05:56.05174+00
9;1;3;2022-12-09 09:07:41.752621+00
9;2;3;2022-12-12 14:42:27.326467+00
9;0;4;2022-12-13 10:31:52.331469+00
9;1;3;2022-12-14 18:08:28.218806+00
9;1;4;2022-12-15 08:13:55.835298+00
9;2;2;2022-12-16 14:45:39.5913+00
9;1;4;2022-12-20 14:05:01.751115+00
9;0;4;2022-12-21 14:24:55.864334+00
9;0;4;2022-12-22 11:59:13.781157+00
9;0;4;2022-12-28 18:38:46.749655+00
9;1;3;2023-01-02 11:23:45.602183+00
9;1;3;2023-01-03 10:01:47.665646+00
9;0;4;2023-01-04 12:38:06.502354+00
9;3;1;2023-01-05 11:06:08.039107+00
9;0;4;2023-01-09 13:17:53.31021+00
9;0;3;2023-01-10 11:01:21.789293+00
9;0;4;2023-01-11 13:56:13.612596+00
9;0;3;2023-01-13 13:21:07.588046+00
9;2;2;2023-01-17 13:07:32.506108+00
9;1;3;2023-01-19 14:16:16.579311+00
9;0;4;2023-01-20 08:36:39.981152+00
9;2;2;2023-01-30 11:58:35.081098+00
9;1;2;2023-01-31 12:01:04.141015+00
9;1;3;2023-02-06 13:58:45.203164+00
9;1;3;2023-02-07 13:10:06.932892+00
9;2;2;2023-02-08 13:54:14.013782+00
9;3;2;2023-02-09 13:50:19.360156+00
9;3;1;2023-02-10 12:14:50.577402+00
9;0;3;2023-02-13 12:19:32.429031+00
9;1;2;2023-02-14 13:22:09.456486+00
9;2;2;2023-02-15 11:10:20.44811+00
9;1;3;2023-02-20 11:36:07.918455+00
9;3;1;2023-02-21 08:50:18.355338+00
9;2;2;2023-02-22 11:42:11.823419+00
9;2;2;2023-02-27 12:51:26.874136+00
9;1;2;2023-02-28 10:55:22.890456+00
10;1;3;2022-12-06 19:30:54.735641+00
10;0;4;2022-12-07 16:10:40.542356+00
10;0;4;2022-12-08 07:24:00.468921+00
10;0;4;2022-12-09 08:12:59.041528+00
10;0;3;2022-12-10 07:43:40.715109+00
10;0;3;2022-12-11 16:10:29.671837+00
10;1;3;2022-12-12 20:50:51.913352+00
10;0;3;2022-12-13 16:55:51.3884+00
10;0;4;2022-12-14 16:47:54.032261+00
10;0;3;2022-12-16 17:24:43.737693+00
10;0;3;2022-12-17 10:48:33.119302+00
10;0;3;2022-12-18 13:24:30.82868+00
10;0;3;2023-01-01 14:52:25.181353+00
10;1;3;2023-01-02 10:34:57.759645+00
10;0;4;2023-01-03 16:17:09.020658+00
10;0;4;2023-01-04 07:32:37.324865+00
10;0;3;2023-01-08 15:52:00.180216+00
10;1;3;2023-01-09 16:27:57.698559+00
10;0;3;2023-01-10 11:06:40.893625+00
10;1;3;2023-01-11 16:30:42.61294+00
10;0;3;2023-01-13 09:25:52.901042+00
10;2;2;2023-01-14 11:33:15.239728+00
10;3;1;2023-01-15 07:50:29.242649+00
10;1;3;2023-01-16 16:58:22.12121+00
10;1;3;2023-01-19 09:17:26.4349+00
10;1;3;2023-01-20 13:44:13.033231+00
10;0;4;2023-01-21 08:06:10.224046+00
10;3;3;2023-01-24 11:14:30.502813+00
10;3;2;2023-02-01 18:14:55.013778+00
10;0;3;2023-02-02 12:24:23.283331+00
10;0;4;2023-02-03 07:45:19.777144+00
10;1;3;2023-02-04 06:45:52.806485+00
10;2;2;2023-02-06 22:26:36.383192+00
10;0;3;2023-02-07 18:12:26.734139+00
10;0;3;2023-02-08 14:04:27.935275+00
10;2;2;2023-02-13 12:32:17.955753+00
10;1;3;2023-02-19 08:46:54.498667+00
10;0;3;2023-02-22 09:06:58.237827+00
11;4;1;2022-12-21 09:36:26.155929+00
11;1;2;2022-12-23 08:01:08.250332+00
11;4;1;2023-01-03 12:54:54.794492+00
11;2;3;2023-01-11 07:53:23.265133+00
11;3;2;2023-01-13 00:27:57.462685+00
11;1;3;2023-01-16 10:58:29.537754+00
11;2;2;2023-01-17 14:14:05.749265+00
11;1;2;2023-01-23 18:24:57.992447+00
11;1;3;2023-01-24 05:17:28.964813+00
11;3;2;2023-01-25 16:55:48.586456+00
11;1;3;2023-01-26 10:04:24.673379+00
11;1;1;2023-01-31 16:58:57.320075+00
11;1;3;2023-02-07 11:04:10.966214+00
11;2;2;2023-02-18 12:09:32.133482+00
11;3;1;2023-02-20 08:33:56.206157+00
11;3;2;2023-02-21 16:09:05.957475+00
12;4;1;2023-01-07 16:48:05.328504+00
12;4;3;2023-01-08 10:12:21.28192+00
12;1;1;2023-01-09 22:59:58.76453+00
12;0;1;2023-01-10 20:17:53.175332+00
13;1;3;2022-12-26 13:56:29.264734+00
13;0;0;2023-01-01 16:41:26.43345+00
13;0;4;2023-01-02 17:23:51.142024+00
13;0;4;2023-01-03 13:11:38.793359+00
13;1;4;2023-01-04 13:20:34.030531+00
13;1;4;2023-01-08 15:46:17.5273+00
13;0;4;2023-01-10 17:22:13.427971+00
13;0;4;2023-01-11 15:56:04.821821+00
13;1;3;2023-01-12 13:11:59.632184+00
13;0;4;2023-01-13 17:03:07.096069+00
13;1;3;2023-01-15 10:04:40.463733+00
13;1;3;2023-01-17 17:31:32.44765+00
13;0;3;2023-01-18 13:43:43.750724+00
13;0;3;2023-01-19 13:27:04.382471+00
13;1;1;2023-01-20 15:41:40.520303+00
13;0;3;2023-01-22 15:39:05.723451+00
13;0;3;2023-01-25 18:33:10.846614+00
13;0;3;2023-01-28 12:27:50.365387+00
13;0;4;2023-01-29 18:47:03.416117+00
13;0;3;2023-01-30 17:03:20.157235+00
13;0;3;2023-01-31 16:20:15.776763+00
13;0;3;2023-02-01 17:05:42.823085+00
13;0;3;2023-02-02 12:54:25.281102+00
13;0;4;2023-02-03 18:08:04.436034+00
13;0;3;2023-02-05 11:48:39.554784+00
13;0;3;2023-02-07 17:32:09.958942+00
13;0;3;2023-02-08 12:55:23.901664+00
13;0;3;2023-02-09 16:48:07.109616+00
13;0;3;2023-02-11 17:08:55.128973+00
13;0;3;2023-02-12 17:52:12.445431+00
13;0;3;2023-02-13 16:05:50.986172+00
13;1;3;2023-02-14 15:59:55.615488+00
13;0;3;2023-02-15 08:26:13.120246+00
13;0;3;2023-02-20 17:15:20.72873+00
13;0;3;2023-02-22 17:44:51.434378+00
13;0;3;2023-02-23 18:22:48.142747+00
13;0;3;2023-02-25 17:22:00.728805+00
13;0;3;2023-02-26 17:24:59.852611+00
13;0;3;2023-02-27 17:19:15.855518+00
13;0;3;2023-03-01 18:24:25.251262+00
13;0;3;2023-03-02 17:47:24.563621+00
13;0;3;2023-03-04 18:24:13.474859+00
13;0;3;2023-03-07 16:44:43.283694+00
13;0;3;2023-03-08 14:08:38.088939+00
13;0;3;2023-03-09 17:31:23.493768+00
13;0;3;2023-03-11 17:59:04.678236+00
13;0;3;2023-03-12 19:23:08.425439+00
14;0;3;2022-12-07 12:54:54.492937+00
14;0;2;2022-12-08 11:06:29.336666+00
14;0;2;2022-12-10 22:50:07.163673+00
14;1;3;2022-12-18 00:25:35.441176+00
14;2;2;2022-12-19 23:53:34.005396+00
14;1;2;2022-12-28 21:48:36.121836+00
14;1;2;2022-12-29 22:41:42.615307+00
14;1;2;2022-12-30 12:52:49.091485+00
14;1;2;2023-01-03 21:16:00.467139+00
14;1;2;2023-01-06 23:04:23.825082+00
14;2;2;2023-01-09 22:31:50.432922+00
14;2;2;2023-01-10 21:45:12.766889+00
14;2;3;2023-01-11 22:52:01.78118+00
14;2;2;2023-01-12 22:38:16.220281+00
14;2;2;2023-01-15 21:52:52.673032+00
14;2;2;2023-01-16 22:01:25.065527+00
14;2;2;2023-01-17 22:08:55.769155+00
14;2;2;2023-02-07 13:46:31.059311+00
14;2;2;2023-02-08 14:39:07.47534+00
14;2;2;2023-02-10 08:26:58.718607+00
14;2;2;2023-02-14 22:22:55.617496+00
14;2;2;2023-02-15 11:07:14.112402+00
14;2;2;2023-02-16 12:56:44.44512+00
14;2;3;2023-02-28 22:29:26.663266+00
15;0;3;2022-12-20 18:05:33.84936+00
15;1;3;2022-12-21 09:16:09.481635+00
15;0;3;2022-12-22 07:07:24.24808+00
15;0;0;2022-12-27 07:08:24.246647+00
15;0;4;2022-12-28 06:50:43.656862+00
15;2;3;2022-12-29 07:03:40.229831+00
15;0;4;2022-12-30 07:54:03.733806+00
15;0;4;2022-12-31 08:29:19.079543+00
15;0;4;2023-01-01 09:35:12.589992+00
15;0;4;2023-01-02 06:51:26.190049+00
15;0;4;2023-01-03 07:31:04.58223+00
15;0;3;2023-01-04 06:59:43.025115+00
15;0;4;2023-01-05 09:11:49.081068+00
15;0;4;2023-01-06 09:20:12.5811+00
15;0;4;2023-01-07 08:17:31.883787+00
15;0;4;2023-01-08 09:10:29.127767+00
15;0;3;2023-01-09 06:51:31.545248+00
15;0;4;2023-01-10 08:29:39.369199+00
15;1;3;2023-01-11 07:01:27.929733+00
15;0;4;2023-01-12 06:41:04.90801+00
15;0;3;2023-01-13 06:53:36.912624+00
15;0;4;2023-01-14 08:09:43.084412+00
15;0;4;2023-01-15 06:47:38.153232+00
15;0;1;2023-01-16 07:24:04.712611+00
15;0;4;2023-01-17 06:51:06.643278+00
15;0;3;2023-01-18 06:54:43.180035+00
15;1;1;2023-01-19 06:56:03.657934+00
15;0;4;2023-01-20 07:43:24.621455+00
15;0;3;2023-01-21 08:19:55.950607+00
15;1;3;2023-01-22 11:05:11.36571+00
15;0;3;2023-01-23 08:12:50.618767+00
15;1;3;2023-01-24 06:56:49.289677+00
15;0;3;2023-01-25 06:49:58.249569+00
15;0;3;2023-01-26 06:44:09.989435+00
15;1;3;2023-01-27 07:07:50.096974+00
15;1;3;2023-01-28 10:57:24.677954+00
15;0;4;2023-01-29 10:20:37.042268+00
15;1;3;2023-02-05 11:26:42.770036+00
15;1;3;2023-02-06 06:10:20.126308+00
15;1;3;2023-02-07 06:52:26.15848+00
15;1;3;2023-02-08 06:53:08.38043+00
15;1;3;2023-02-09 06:52:04.180157+00
15;1;3;2023-02-10 06:55:13.04834+00
15;1;3;2023-02-11 08:22:03.807471+00
15;1;3;2023-02-12 10:26:12.634224+00
15;1;3;2023-02-13 07:08:24.873731+00
15;1;3;2023-02-14 06:54:05.032972+00
15;1;3;2023-02-15 07:23:37.118231+00
15;1;3;2023-02-16 06:47:11.439839+00
15;1;3;2023-02-17 06:44:02.619748+00
15;1;3;2023-02-18 08:42:54.119881+00
15;1;3;2023-02-19 11:05:51.536908+00
15;1;3;2023-02-20 06:54:10.338422+00
15;1;3;2023-02-21 06:38:59.748959+00
15;1;3;2023-02-22 08:46:44.314397+00
15;1;3;2023-02-23 06:53:14.887523+00
15;1;3;2023-02-24 08:54:59.338508+00
15;1;3;2023-02-25 19:10:53.886356+00
15;1;3;2023-02-26 09:54:03.542262+00
15;1;3;2023-02-27 07:03:20.270349+00
15;1;3;2023-02-28 06:08:46.826142+00
15;1;3;2023-03-01 06:57:24.613306+00
15;1;3;2023-03-02 06:58:00.848845+00
15;1;3;2023-03-03 06:56:56.062037+00
15;1;3;2023-03-04 10:43:35.103065+00
15;1;3;2023-03-05 11:08:16.44698+00
15;1;3;2023-03-06 06:26:58.858632+00
15;1;3;2023-03-07 09:29:53.18663+00
15;1;3;2023-03-08 08:39:44.48777+00
15;1;3;2023-03-09 07:04:15.842667+00
15;1;3;2023-03-10 06:54:43.70588+00
15;1;3;2023-03-11 05:57:25.965842+00
15;1;3;2023-03-12 14:55:17.80446+00
15;1;3;2023-03-13 09:36:43.914863+00
16;3;2;2022-12-20 17:33:53.648396+00
16;3;2;2022-12-21 00:30:06.525608+00
16;3;3;2022-12-22 14:05:04.846095+00
16;3;3;2023-01-02 12:52:14.84162+00
16;3;2;2023-01-03 11:22:11.903583+00
16;2;3;2023-01-04 12:44:05.104243+00
16;4;1;2023-01-05 08:40:13.011465+00
16;1;3;2023-01-09 11:23:46.238673+00
16;1;2;2023-01-10 00:45:38.530384+00
16;3;1;2023-01-11 11:18:33.809399+00
16;3;1;2023-01-12 16:30:29.767193+00
16;3;1;2023-01-16 12:58:15.605568+00
16;2;3;2023-01-17 15:14:16.956381+00
16;1;3;2023-01-18 11:57:49.650033+00
16;1;3;2023-01-19 00:31:06.647339+00
16;4;0;2023-01-20 13:17:04.998813+00
16;4;1;2023-01-23 12:05:36.627262+00
16;1;3;2023-01-24 11:30:10.682226+00
16;3;3;2023-01-25 12:47:25.96619+00
16;3;3;2023-01-26 12:50:01.277734+00
16;3;3;2023-01-27 14:09:08.920311+00
16;0;3;2023-01-30 11:22:57.101969+00
16;1;3;2023-01-31 14:10:09.152506+00
16;3;2;2023-02-02 12:51:04.42932+00
16;3;2;2023-02-03 12:33:13.622084+00
16;3;2;2023-02-06 12:50:20.757516+00
16;4;1;2023-02-07 12:29:16.954266+00
16;3;2;2023-02-08 13:01:36.00271+00
16;3;1;2023-02-09 11:43:39.837794+00
16;2;2;2023-02-10 13:09:52.448361+00
16;2;3;2023-02-13 12:36:38.803086+00
16;2;2;2023-02-14 12:30:15.895529+00
16;2;2;2023-02-15 09:54:46.179118+00
16;3;2;2023-02-16 18:35:36.896354+00
16;3;1;2023-02-17 12:59:06.341442+00
16;2;2;2023-02-19 20:40:40.99492+00
16;3;3;2023-02-20 10:52:06.102992+00
16;2;2;2023-02-21 12:11:02.723283+00
16;1;3;2023-02-22 13:13:23.170102+00
16;3;1;2023-02-23 14:54:29.721273+00
16;1;3;2023-02-24 12:25:19.478712+00
16;1;3;2023-02-25 13:41:37.179185+00
16;3;2;2023-02-26 10:29:15.383456+00
16;1;3;2023-02-27 11:00:44.380894+00
16;2;2;2023-02-28 11:17:55.747971+00
16;1;3;2023-03-01 12:36:11.860798+00
16;2;2;2023-03-02 13:06:24.415158+00
16;1;3;2023-03-03 14:33:05.460593+00
16;3;2;2023-03-04 11:09:11.61261+00
16;2;2;2023-03-06 10:34:04.499066+00
16;1;3;2023-03-07 16:59:58.664711+00
16;2;2;2023-03-08 09:58:08.293441+00
16;3;3;2023-03-09 11:13:23.098636+00
16;1;3;2023-03-10 16:00:29.768744+00
16;1;3;2023-03-11 12:44:00.33532+00
16;1;3;2023-03-13 12:59:01.631019+00
17;1;3;2022-12-06 22:45:10.508257+00
17;2;4;2022-12-07 09:30:42.730203+00
17;0;4;2022-12-08 08:28:25.307274+00
17;0;4;2022-12-09 08:45:07.069143+00
17;0;4;2022-12-12 08:30:24.337371+00
17;0;4;2022-12-13 08:15:07.81835+00
17;1;3;2022-12-14 08:30:30.061522+00
17;1;3;2022-12-15 09:44:31.679614+00
17;0;2;2022-12-16 08:46:29.787337+00
17;0;4;2022-12-19 16:47:53.478024+00
17;2;2;2022-12-20 08:35:46.438409+00
17;1;3;2022-12-21 08:55:00.048405+00
17;4;1;2022-12-22 08:33:00.285063+00
17;1;3;2022-12-28 21:41:56.211774+00
17;1;3;2022-12-30 22:59:28.092049+00
17;2;2;2022-12-31 10:39:42.513619+00
17;1;3;2023-01-02 07:55:09.493248+00
17;2;2;2023-01-03 09:43:36.747866+00
17;0;3;2023-01-04 08:26:39.519111+00
17;0;4;2023-01-05 08:42:20.841218+00
17;0;4;2023-01-09 08:59:52.877306+00
17;0;4;2023-01-11 08:32:31.376396+00
17;1;3;2023-01-12 08:25:43.619689+00
17;0;4;2023-01-13 08:23:20.451161+00
17;0;4;2023-01-16 08:03:47.728527+00
17;1;3;2023-01-17 10:45:32.651559+00
17;0;4;2023-01-19 09:23:37.838377+00
17;3;2;2023-01-20 08:48:05.454436+00
17;0;4;2023-01-23 08:15:12.773991+00
17;0;4;2023-01-26 15:28:26.148695+00
17;0;4;2023-01-27 08:25:28.978074+00
17;4;0;2023-01-30 11:15:08.324192+00
17;3;1;2023-01-31 10:39:26.198197+00
17;3;2;2023-02-02 08:47:05.253143+00
17;0;3;2023-02-06 10:18:35.996908+00
17;1;2;2023-02-07 08:12:24.996247+00
17;3;2;2023-02-08 08:53:02.267616+00
17;1;3;2023-02-20 09:40:11.610382+00
17;1;3;2023-02-22 12:02:26.976427+00
17;1;3;2023-02-23 09:21:56.816823+00
17;1;3;2023-02-24 08:56:33.58924+00
17;1;3;2023-02-27 09:44:30.087419+00
17;0;3;2023-02-28 08:39:08.051609+00
18;0;3;2022-12-07 11:56:58.448096+00
18;2;2;2022-12-08 11:21:59.851706+00
18;2;2;2022-12-09 08:27:59.105293+00
18;2;2;2022-12-12 09:37:51.269662+00
18;2;2;2022-12-13 07:45:34.433203+00
18;1;2;2022-12-14 08:04:23.474612+00
18;2;2;2022-12-15 14:17:23.082238+00
18;2;2;2022-12-16 12:46:41.293488+00
18;1;2;2022-12-19 10:01:16.498796+00
18;1;1;2023-01-02 11:58:00.556232+00
18;1;1;2023-01-03 08:12:38.636493+00
18;1;1;2023-01-04 14:27:13.617877+00
18;2;2;2023-01-10 12:57:43.565963+00
18;2;2;2023-01-11 14:06:04.599228+00
18;2;2;2023-01-14 13:38:19.216356+00
18;2;2;2023-01-17 13:56:55.72527+00
18;2;2;2023-01-19 09:00:11.007305+00
18;2;2;2023-01-20 13:22:23.279885+00
18;2;2;2023-01-23 07:45:40.591056+00
18;2;2;2023-01-24 13:51:31.724659+00
18;2;2;2023-01-30 14:02:05.600728+00
18;2;2;2023-01-31 09:51:44.55501+00
18;2;2;2023-02-01 12:40:43.88802+00
18;2;2;2023-02-06 09:33:48.404986+00
18;2;2;2023-02-08 09:51:49.731698+00
18;2;2;2023-02-09 13:29:03.546142+00
18;2;2;2023-02-10 09:05:41.852522+00
18;2;2;2023-02-13 12:47:34.43698+00
18;2;2;2023-02-14 08:54:38.026547+00
18;2;2;2023-02-15 08:21:25.105196+00
18;1;1;2023-02-16 10:08:29.981789+00
18;2;2;2023-02-17 13:39:01.594087+00
18;2;2;2023-02-22 11:21:16.420472+00
18;2;2;2023-02-28 07:16:25.239932+00
18;2;2;2023-03-01 11:55:01.161423+00
18;2;2;2023-03-06 13:59:46.596784+00
18;2;2;2023-03-07 11:32:25.324966+00
19;1;3;2022-12-07 13:59:28.894787+00
19;2;3;2022-12-08 09:41:54.867639+00
19;0;3;2022-12-09 09:06:26.560249+00
19;0;3;2022-12-12 16:25:09.638778+00
19;0;3;2022-12-14 09:16:56.332958+00
19;0;3;2022-12-16 10:05:48.148081+00
19;1;3;2022-12-28 21:41:47.867993+00
19;1;3;2023-01-09 10:35:41.469135+00
19;1;3;2023-01-10 20:33:58.163746+00
19;1;3;2023-01-11 15:26:17.958743+00
19;1;3;2023-01-12 21:19:44.418644+00
19;1;3;2023-01-16 14:27:19.39205+00
19;3;1;2023-01-17 08:29:07.747093+00
19;1;2;2023-01-18 12:59:40.204728+00
19;1;3;2023-01-19 09:44:40.981529+00
19;1;3;2023-01-20 14:37:35.927556+00
19;1;3;2023-01-24 12:02:40.708698+00
19;1;3;2023-01-28 23:23:15.956943+00
19;1;3;2023-01-29 22:28:41.219601+00
19;1;3;2023-01-31 00:03:45.056418+00
19;1;3;2023-02-02 10:59:04.969028+00
19;1;3;2023-02-08 10:07:08.22837+00
19;1;3;2023-02-14 10:41:04.203298+00
19;1;3;2023-02-15 07:06:55.738199+00
19;0;3;2023-02-28 14:05:01.681559+00
19;3;3;2023-03-03 15:38:37.884796+00
19;1;3;2023-03-09 09:27:30.024002+00
20;3;3;2022-12-07 06:59:49.555493+00
20;3;2;2022-12-08 06:26:38.138051+00
20;4;1;2022-12-09 06:20:02.269509+00
20;2;4;2022-12-11 19:31:14.802544+00
20;2;2;2022-12-12 07:09:02.839265+00
20;4;4;2022-12-13 07:19:32.799124+00
20;2;2;2022-12-14 06:24:48.635883+00
20;1;1;2022-12-15 07:58:18.574949+00
20;4;1;2022-12-16 06:57:40.226619+00
20;2;2;2022-12-20 06:43:09.912871+00
20;4;0;2022-12-21 06:48:53.51659+00
20;2;2;2023-01-02 06:32:30.839236+00
20;1;3;2023-01-03 07:57:35.253657+00
20;4;0;2023-01-04 06:47:03.729509+00
20;4;0;2023-01-07 12:15:12.965501+00
20;2;1;2023-01-08 17:11:22.655878+00
20;0;4;2023-01-09 08:01:40.562643+00
20;0;4;2023-01-10 06:35:36.526762+00
20;4;0;2023-01-11 06:28:28.051363+00
20;4;0;2023-01-12 09:29:18.300382+00
20;4;0;2023-01-13 08:35:24.732744+00
20;4;1;2023-01-16 07:11:04.455932+00
20;2;2;2023-01-17 06:33:05.442693+00
20;4;0;2023-01-18 06:21:54.137084+00
20;3;1;2023-01-24 14:04:59.425558+00
20;2;0;2023-01-25 06:12:40.248382+00
20;2;2;2023-01-26 08:34:49.358521+00
20;2;2;2023-01-27 06:56:52.928997+00
20;1;3;2023-01-30 09:20:28.95628+00
20;3;1;2023-01-31 08:30:32.201606+00
20;1;3;2023-02-02 09:08:08.009287+00
20;3;2;2023-02-03 09:52:12.616393+00
20;1;0;2023-02-06 08:03:51.173096+00
20;3;3;2023-02-07 09:04:15.479824+00
20;1;3;2023-02-08 08:30:37.33335+00
20;1;3;2023-02-09 08:21:26.644908+00
20;3;1;2023-02-13 08:39:23.669069+00
20;2;2;2023-02-14 08:58:20.146822+00
20;2;1;2023-02-15 12:30:32.849223+00
20;3;3;2023-02-17 10:16:23.349518+00
20;1;1;2023-02-20 06:37:26.37176+00
20;2;2;2023-02-21 07:20:05.812228+00
20;1;3;2023-02-23 08:53:15.706224+00
21;0;3;2022-12-07 14:21:15.706387+00
21;3;1;2022-12-10 11:39:03.024608+00
21;3;2;2022-12-12 01:17:11.809435+00
21;0;3;2022-12-24 11:21:17.166173+00
21;0;4;2022-12-29 03:57:11.699426+00
21;0;4;2022-12-30 17:14:54.706884+00
21;1;2;2022-12-31 18:33:00.786948+00
21;0;0;2023-01-04 12:21:39.290571+00
21;1;0;2023-01-05 16:02:40.867619+00
21;1;2;2023-01-29 20:07:04.034074+00
21;0;3;2023-01-31 07:31:19.464647+00
21;3;1;2023-02-17 18:50:44.168848+00
21;0;4;2023-02-19 11:40:25.659214+00
21;4;1;2023-02-22 12:19:36.671861+00
21;1;2;2023-02-23 14:59:32.258096+00
21;1;3;2023-02-24 14:37:05.362269+00
21;1;3;2023-02-25 17:19:38.691993+00
22;0;4;2022-12-07 10:29:41.781847+00
22;2;3;2022-12-08 09:17:34.705489+00
22;2;2;2022-12-10 08:27:17.03076+00
22;4;3;2022-12-11 10:48:39.619787+00
22;1;3;2022-12-12 09:04:26.164826+00
22;1;3;2022-12-13 08:24:24.910397+00
22;0;4;2022-12-14 13:12:42.411403+00
22;1;1;2022-12-16 10:06:54.84495+00
22;0;3;2022-12-20 12:45:34.47547+00
22;0;4;2022-12-21 16:59:08.931201+00
22;0;3;2022-12-22 10:14:11.088087+00
22;3;0;2022-12-25 18:50:39.067081+00
22;0;3;2022-12-27 18:15:37.111427+00
22;0;3;2022-12-30 09:15:19.067131+00
22;3;3;2022-12-31 11:19:54.069826+00
22;0;4;2023-01-02 11:20:50.049267+00
22;1;3;2023-01-03 14:27:58.04253+00
22;0;4;2023-01-04 13:45:07.04401+00
22;0;4;2023-01-05 08:48:11.928804+00
22;3;2;2023-01-06 09:39:43.297222+00
22;0;4;2023-01-07 11:10:52.763556+00
22;3;2;2023-01-08 09:18:29.952128+00
22;0;4;2023-01-09 19:14:14.367964+00
22;0;3;2023-01-10 09:06:05.806437+00
22;0;4;2023-01-11 19:32:32.123715+00
22;1;3;2023-01-12 15:28:25.132655+00
22;0;3;2023-01-13 15:06:28.246955+00
22;0;4;2023-01-16 21:02:19.072666+00
22;0;4;2023-01-17 18:30:26.443011+00
22;0;4;2023-01-19 12:37:36.972791+00
22;3;3;2023-01-22 18:35:45.651305+00
22;0;3;2023-01-23 21:40:22.098715+00
22;0;0;2023-01-24 14:27:57.306817+00
22;1;3;2023-01-25 11:35:33.793566+00
22;0;4;2023-01-27 14:31:11.188434+00
22;4;0;2023-01-30 16:48:24.956341+00
22;0;4;2023-01-31 10:32:52.185095+00
22;0;3;2023-02-01 16:45:25.46597+00
22;0;4;2023-02-02 16:27:24.041512+00
22;0;4;2023-02-05 19:26:59.099445+00
22;0;4;2023-02-06 14:06:31.368116+00
22;0;4;2023-02-07 11:34:35.120995+00
22;0;4;2023-02-08 16:14:58.489047+00
22;0;4;2023-02-09 15:26:06.225638+00
22;0;4;2023-02-10 14:32:10.905005+00
22;0;4;2023-02-12 17:04:11.345796+00
22;0;3;2023-02-13 09:50:29.153798+00
22;1;4;2023-02-14 09:01:26.099155+00
22;0;3;2023-02-15 14:13:40.701743+00
22;0;4;2023-02-16 14:59:02.636405+00
22;0;3;2023-02-17 10:07:12.119035+00
22;3;3;2023-02-20 11:59:56.515083+00
22;3;2;2023-02-21 10:37:46.102282+00
22;3;1;2023-02-22 11:22:23.808404+00
22;1;1;2023-02-24 11:51:33.371985+00
22;2;2;2023-02-26 11:54:45.533503+00
22;4;0;2023-02-27 16:15:15.78292+00
22;3;1;2023-02-28 09:30:34.712035+00
22;0;4;2023-03-02 10:03:33.125067+00
23;0;3;2022-12-07 09:19:00.924608+00
23;1;3;2022-12-08 07:29:36.745384+00
23;0;4;2022-12-09 08:03:39.842168+00
23;0;0;2022-12-12 09:05:17.484739+00
23;0;3;2022-12-13 11:20:45.156255+00
23;0;4;2022-12-14 09:18:36.995875+00
23;0;4;2022-12-15 12:40:32.4762+00
23;3;1;2022-12-22 10:05:53.632057+00
23;1;3;2022-12-27 15:32:24.692652+00
23;0;3;2022-12-28 18:26:13.525066+00
23;1;3;2022-12-29 18:05:47.357026+00
23;2;2;2022-12-31 17:01:37.017126+00
23;1;3;2023-01-01 18:42:31.224003+00
23;1;3;2023-01-02 08:14:11.929283+00
23;1;3;2023-01-05 09:54:48.08673+00
23;1;3;2023-01-08 20:33:54.332478+00
23;1;3;2023-01-09 17:33:34.274977+00
23;1;3;2023-01-10 21:28:38.043102+00
23;1;3;2023-01-12 13:17:06.053804+00
23;3;2;2023-01-15 07:24:15.366319+00
23;2;2;2023-01-16 13:59:07.564589+00
23;3;1;2023-01-17 14:29:34.263782+00
23;1;3;2023-01-20 12:09:59.243973+00
23;1;3;2023-01-23 09:53:24.607543+00
23;1;3;2023-01-24 13:29:33.162989+00
23;1;3;2023-01-25 08:27:21.623997+00
23;3;1;2023-01-29 21:18:38.272146+00
23;1;3;2023-01-30 11:38:45.496782+00
23;1;2;2023-02-02 13:51:08.629423+00
23;4;1;2023-02-03 13:14:36.383407+00
23;1;3;2023-02-07 14:09:58.655958+00
23;2;2;2023-02-09 10:08:42.152825+00
23;1;3;2023-02-10 10:54:07.215634+00
23;1;3;2023-02-20 09:15:21.357606+00
23;1;2;2023-02-21 07:42:38.583081+00
23;1;3;2023-02-22 07:56:21.58098+00
23;1;3;2023-02-23 10:27:39.733854+00
23;1;3;2023-03-01 09:39:01.705065+00
23;1;3;2023-03-02 09:57:46.388301+00
23;1;2;2023-03-06 09:10:43.232076+00
24;3;4;2022-12-07 10:14:13.193757+00
24;4;4;2022-12-08 07:44:57.254979+00
24;3;3;2022-12-09 12:28:32.645549+00
24;3;3;2022-12-12 18:28:15.986427+00
24;2;2;2022-12-13 22:47:18.051561+00
24;2;2;2022-12-15 14:40:52.532024+00
24;2;2;2022-12-16 09:25:22.790942+00
24;3;3;2022-12-19 09:21:29.998773+00
24;3;3;2022-12-20 09:25:51.943746+00
24;0;4;2022-12-26 21:17:10.962504+00
24;1;4;2022-12-27 13:46:42.11976+00
24;0;4;2022-12-28 11:35:41.265459+00
24;0;4;2022-12-29 09:57:47.257504+00
24;0;4;2022-12-30 19:37:14.669456+00
24;0;4;2022-12-31 19:21:20.273595+00
24;1;3;2023-01-02 18:27:23.179826+00
24;1;4;2023-01-03 19:51:59.639592+00
24;3;2;2023-01-04 12:07:53.076357+00
24;1;3;2023-01-05 08:57:00.780317+00
24;1;3;2023-01-06 21:44:12.285594+00
24;1;3;2023-01-08 12:32:36.803251+00
24;0;4;2023-01-09 11:21:14.031219+00
24;0;4;2023-01-10 09:27:50.081627+00
24;2;1;2023-01-11 14:57:22.024144+00
24;1;4;2023-01-12 10:12:35.769521+00
24;4;2;2023-01-13 22:02:11.800825+00
24;3;1;2023-01-14 21:37:02.36021+00
24;1;3;2023-01-15 12:30:08.558029+00
24;3;1;2023-01-16 14:19:57.011684+00
24;3;2;2023-01-18 08:10:11.340376+00
24;1;2;2023-01-20 13:31:38.700906+00
24;1;3;2023-01-21 20:58:31.545801+00
24;1;3;2023-01-22 20:21:17.60351+00
24;1;3;2023-01-23 12:29:51.45264+00
24;1;3;2023-01-24 11:15:17.271731+00
24;1;3;2023-01-25 10:41:06.245631+00
24;1;3;2023-01-26 13:51:50.876187+00
24;1;3;2023-01-27 10:30:32.546565+00
24;1;3;2023-01-28 20:20:39.754527+00
24;0;4;2023-01-29 18:58:07.951867+00
24;1;3;2023-01-30 08:42:03.988654+00
24;1;3;2023-01-31 11:02:14.368322+00
24;1;3;2023-02-02 14:28:07.701406+00
24;1;3;2023-02-03 13:02:46.505518+00
24;1;3;2023-02-07 09:08:20.088095+00
24;1;3;2023-02-08 15:11:02.858171+00
24;1;3;2023-02-09 09:14:48.136506+00
24;1;3;2023-02-13 12:44:57.224362+00
24;1;3;2023-02-14 10:58:16.441304+00
24;1;3;2023-02-15 13:54:33.523737+00
24;0;3;2023-02-20 10:14:09.55052+00
24;1;3;2023-02-21 11:50:52.155998+00
24;3;3;2023-02-22 12:55:51.845739+00
24;1;3;2023-02-23 10:45:53.96836+00
24;1;3;2023-02-24 09:21:40.131247+00
24;1;3;2023-02-27 21:03:08.204722+00
24;1;3;2023-02-28 10:42:55.727376+00
24;0;4;2023-03-03 10:10:19.174369+00
24;1;3;2023-03-08 14:41:20.501793+00
25;4;3;2022-12-21 17:25:43.235719+00
25;3;3;2023-01-02 18:45:00.294911+00
25;1;3;2023-01-05 11:31:41.853188+00
25;3;1;2023-01-09 10:19:54.380094+00
26;3;2;2022-12-07 09:09:43.357668+00
26;3;1;2022-12-08 11:01:10.948445+00
26;2;2;2022-12-14 18:07:36.837182+00
26;2;2;2022-12-15 12:33:33.218751+00
26;1;2;2022-12-16 10:23:38.495489+00
26;1;1;2022-12-18 16:29:30.759237+00
26;1;1;2022-12-19 07:42:04.782467+00
26;1;1;2022-12-20 10:54:59.384429+00
26;1;2;2022-12-21 12:07:05.12934+00
26;2;2;2022-12-23 14:11:53.167413+00
26;2;2;2022-12-25 12:27:28.510343+00
26;2;2;2022-12-26 13:00:17.755807+00
26;2;2;2022-12-31 01:41:51.167318+00
26;1;2;2023-01-02 08:11:27.045594+00
26;1;2;2023-01-03 08:04:18.566078+00
26;2;2;2023-01-04 07:22:54.412036+00
26;1;2;2023-01-05 09:37:49.378762+00
26;2;2;2023-01-09 15:49:31.832845+00
26;1;2;2023-01-10 07:43:04.251612+00
26;1;2;2023-01-11 07:46:28.304219+00
26;0;2;2023-01-12 10:11:03.23921+00
26;1;2;2023-01-16 07:31:13.338458+00
26;0;2;2023-01-17 08:52:15.492784+00
26;1;2;2023-01-18 10:03:56.757682+00
26;1;1;2023-01-23 08:47:53.91453+00
26;0;3;2023-01-24 10:03:43.726146+00
26;1;2;2023-01-25 13:25:43.490841+00
26;1;2;2023-01-26 08:43:37.071997+00
26;1;2;2023-01-27 07:51:52.316018+00
26;1;2;2023-01-30 13:45:20.586208+00
26;1;2;2023-01-31 11:54:25.159223+00
26;1;2;2023-02-02 09:54:16.870286+00
26;1;2;2023-02-06 08:00:45.474587+00
26;1;2;2023-02-07 07:35:09.258382+00
26;1;2;2023-02-08 10:30:49.404192+00
26;1;1;2023-02-12 08:23:45.642566+00
26;1;2;2023-02-14 19:45:11.983307+00
26;1;2;2023-02-19 16:38:24.415097+00
26;1;2;2023-02-20 18:33:07.736688+00
26;1;2;2023-02-21 07:31:20.929468+00
26;1;2;2023-02-23 09:27:03.887884+00
26;1;1;2023-02-24 09:43:49.786277+00
27;4;0;2022-12-06 19:08:25.044999+00
27;4;4;2022-12-08 18:04:06.295746+00
27;4;4;2022-12-09 17:46:05.079299+00
27;3;1;2022-12-10 13:50:15.277388+00
27;3;0;2022-12-11 10:05:32.314591+00
27;4;0;2022-12-13 08:34:23.723133+00
27;4;0;2022-12-14 18:26:58.43328+00
27;4;0;2022-12-15 17:46:07.254796+00
27;4;0;2022-12-16 18:58:12.99196+00
27;4;0;2022-12-17 10:47:59.38684+00
27;4;0;2022-12-18 11:54:33.441088+00
27;4;0;2022-12-21 19:27:14.882411+00
27;4;0;2022-12-22 17:31:27.526647+00
27;4;0;2022-12-23 15:08:34.881911+00
27;4;0;2022-12-26 16:59:39.825954+00
27;4;0;2022-12-27 10:17:14.761683+00
27;3;1;2022-12-28 11:07:45.478922+00
27;4;0;2022-12-29 09:39:56.704022+00
27;4;0;2023-01-02 12:27:13.153699+00
27;4;0;2023-01-04 12:56:27.26853+00
27;3;0;2023-01-05 08:43:40.802241+00
27;4;0;2023-01-06 11:38:56.870481+00
27;3;1;2023-01-07 20:23:20.553778+00
27;4;0;2023-01-08 10:46:57.35366+00
27;4;0;2023-01-09 13:01:13.322749+00
27;4;0;2023-01-10 14:02:13.298491+00
27;4;0;2023-01-11 14:05:04.83594+00
27;4;0;2023-01-12 11:04:27.886967+00
27;4;0;2023-01-13 08:44:05.36191+00
27;4;0;2023-01-15 14:13:19.966725+00
27;4;0;2023-01-16 18:00:39.624181+00
27;4;0;2023-01-17 09:02:49.56921+00
27;2;0;2023-01-18 10:12:23.925732+00
27;4;0;2023-01-19 12:50:55.692188+00
27;4;0;2023-01-20 09:52:17.765514+00
27;3;1;2023-01-22 12:01:00.166502+00
27;4;0;2023-01-23 11:32:30.436497+00
27;3;0;2023-01-24 09:37:15.395091+00
27;3;1;2023-01-25 14:00:09.531433+00
27;4;0;2023-01-26 14:00:12.244278+00
27;3;0;2023-01-27 13:14:19.210559+00
27;3;1;2023-01-28 16:23:53.614087+00
27;4;0;2023-01-29 11:28:27.239387+00
27;3;0;2023-01-30 12:32:09.034918+00
27;3;0;2023-01-31 09:44:10.466544+00
27;3;4;2023-02-02 09:43:31.348968+00
27;4;0;2023-02-03 12:46:39.947292+00
27;4;0;2023-02-04 11:43:03.707433+00
27;4;0;2023-02-05 10:22:41.038337+00
27;4;0;2023-02-06 09:35:58.748388+00
27;4;0;2023-02-07 12:31:26.895433+00
27;3;0;2023-02-08 19:18:30.556263+00
27;4;0;2023-02-09 14:10:14.302726+00
27;4;0;2023-02-10 16:50:25.791638+00
27;4;0;2023-02-12 11:21:48.8332+00
27;4;0;2023-02-13 12:17:47.032947+00
27;4;0;2023-03-01 12:14:02.203887+00
28;1;3;2022-12-07 09:06:46.49896+00
28;1;1;2022-12-08 09:09:09.679923+00
28;2;2;2022-12-09 07:20:43.769647+00
28;2;2;2022-12-12 07:45:36.800825+00
28;2;2;2022-12-13 08:43:12.513923+00
28;2;3;2022-12-19 13:31:51.614701+00
28;1;3;2023-01-03 10:38:53.243694+00
28;1;3;2023-01-04 07:29:46.818112+00
28;1;3;2023-01-05 08:32:03.816597+00
28;1;1;2023-01-09 07:49:02.397765+00
28;1;1;2023-01-10 07:45:49.202288+00
28;2;1;2023-01-11 07:25:00.802396+00
28;2;1;2023-01-12 08:00:42.304143+00
28;2;2;2023-01-13 08:40:02.338852+00
28;2;2;2023-01-16 07:55:46.245914+00
28;2;2;2023-01-17 09:18:47.072658+00
28;3;3;2023-01-18 07:27:12.652296+00
28;1;1;2023-01-19 11:16:33.861081+00
28;3;3;2023-01-20 07:25:39.632904+00
28;2;2;2023-01-23 07:28:07.183768+00
28;2;2;2023-01-24 08:29:35.49445+00
28;2;2;2023-01-25 08:20:02.185499+00
28;2;2;2023-01-26 07:34:16.569916+00
28;2;2;2023-01-27 10:18:00.20114+00
28;3;1;2023-01-30 07:30:55.939865+00
28;4;4;2023-01-31 08:35:47.111006+00
28;2;2;2023-02-02 08:00:33.241853+00
28;2;2;2023-02-03 13:27:36.741718+00
28;1;2;2023-02-06 11:54:44.619468+00
28;2;2;2023-02-07 08:58:00.975797+00
28;2;2;2023-02-08 14:17:54.08649+00
28;1;3;2023-02-09 08:14:05.521646+00
28;2;2;2023-02-10 10:20:40.60054+00
28;1;3;2023-02-13 07:52:54.761879+00
28;1;3;2023-02-28 08:40:06.967066+00
29;4;3;2022-12-19 23:20:37.742005+00
29;4;3;2023-01-07 09:55:46.622644+00
29;3;3;2023-01-08 11:45:47.115091+00
29;2;3;2023-01-09 08:57:30.735555+00
29;2;3;2023-01-14 11:39:33.121292+00
29;2;3;2023-01-15 15:52:59.124952+00
29;2;3;2023-01-16 15:58:39.117883+00
29;2;3;2023-01-21 09:24:32.841902+00
29;3;3;2023-01-22 09:32:49.283316+00
29;1;3;2023-01-23 15:18:56.133539+00
29;1;3;2023-02-17 10:49:51.597408+00
29;1;3;2023-02-18 09:52:51.582453+00
29;3;3;2023-02-19 10:36:22.557977+00
29;4;3;2023-02-22 21:41:35.524059+00
29;1;3;2023-02-24 09:32:08.946852+00
29;1;3;2023-02-25 18:00:28.901153+00
29;1;3;2023-02-26 10:29:57.231344+00
29;1;3;2023-03-04 09:53:41.130098+00
29;1;3;2023-03-05 09:30:06.466998+00
29;1;3;2023-03-11 08:05:02.396316+00
29;1;3;2023-03-12 07:58:48.670272+00
30;3;2;2022-12-07 08:11:59.733755+00
30;4;0;2022-12-08 08:05:32.722001+00
30;2;1;2022-12-12 08:47:45.738204+00
30;1;2;2022-12-21 19:33:51.735311+00
30;1;3;2023-01-03 08:48:03.750366+00
30;1;2;2023-01-04 13:14:07.896694+00
30;0;2;2023-01-09 17:11:48.069939+00
30;0;2;2023-01-10 08:42:51.654946+00
30;0;2;2023-01-11 08:55:54.969334+00
30;0;0;2023-01-19 09:27:28.044003+00
30;1;0;2023-02-08 09:18:42.165449+00
30;0;3;2023-02-23 09:37:12.445449+00
31;0;4;2022-12-06 20:03:54.309374+00
31;0;4;2022-12-07 12:32:21.837734+00
31;0;4;2022-12-08 09:28:25.776786+00
31;0;4;2022-12-09 10:46:19.640246+00
31;0;4;2022-12-11 16:48:55.710747+00
31;0;4;2022-12-12 13:12:45.632359+00
31;0;4;2022-12-13 10:57:25.917644+00
31;0;4;2022-12-14 10:49:24.818419+00
31;0;4;2022-12-15 12:46:17.856423+00
31;0;4;2022-12-17 19:38:13.103832+00
31;0;4;2022-12-18 12:18:02.593254+00
31;0;4;2022-12-19 17:46:06.646974+00
31;0;4;2022-12-20 11:34:31.41919+00
31;0;4;2022-12-21 08:04:00.391936+00
31;0;4;2023-01-03 19:05:29.979852+00
31;0;4;2023-01-05 21:06:36.589204+00
31;0;4;2023-01-07 19:55:44.169317+00
31;0;4;2023-01-08 18:34:08.207701+00
31;0;4;2023-01-09 13:29:51.899329+00
31;0;4;2023-01-10 19:19:07.577488+00
31;0;4;2023-01-13 20:12:12.703563+00
31;0;4;2023-01-14 21:43:31.057139+00
31;0;4;2023-01-15 13:33:31.677694+00
31;0;4;2023-01-18 20:35:22.093194+00
31;0;4;2023-01-21 13:25:30.875721+00
31;0;4;2023-01-22 18:09:25.175499+00
31;0;4;2023-01-30 07:57:06.63494+00
31;0;4;2023-02-04 18:10:58.163426+00
31;0;4;2023-02-06 19:01:08.932601+00
31;0;4;2023-02-08 08:05:16.076496+00
31;0;4;2023-02-09 07:54:09.848884+00
31;0;4;2023-02-10 10:42:03.817088+00
31;0;4;2023-02-11 12:32:36.100223+00
31;0;4;2023-02-12 16:13:34.268169+00
31;0;4;2023-02-13 10:07:01.981447+00
31;0;4;2023-02-16 09:04:49.862708+00
32;0;4;2022-12-21 14:42:25.547884+00
32;0;4;2022-12-22 09:39:49.840347+00
32;0;4;2022-12-30 15:07:51.228789+00
32;0;4;2023-01-02 08:29:58.071445+00
32;0;4;2023-01-03 08:42:11.516641+00
32;0;4;2023-01-04 08:55:11.090491+00
32;0;4;2023-01-05 08:21:31.272234+00
32;0;4;2023-01-09 08:08:56.931491+00
32;0;4;2023-01-10 08:32:18.765349+00
32;0;4;2023-01-11 08:29:20.972158+00
32;0;4;2023-01-12 08:44:25.196989+00
32;0;4;2023-01-13 08:20:47.441516+00
32;0;4;2023-01-16 08:20:31.787763+00
32;0;4;2023-01-17 08:23:25.385414+00
32;0;4;2023-01-18 08:10:39.736711+00
32;0;4;2023-01-19 08:44:29.371486+00
32;0;4;2023-01-20 09:07:56.00902+00
32;0;4;2023-01-23 08:20:44.974262+00
32;0;4;2023-01-24 08:16:46.211679+00
32;0;4;2023-01-25 08:28:08.937288+00
32;0;4;2023-01-26 08:17:54.91681+00
32;0;4;2023-01-27 08:34:50.098997+00
32;0;4;2023-01-30 08:29:49.402088+00
32;0;4;2023-01-31 08:20:48.593615+00
32;0;4;2023-02-01 10:05:20.955649+00
32;0;4;2023-02-02 08:12:28.634675+00
32;0;4;2023-02-03 09:14:00.229026+00
32;0;4;2023-02-06 08:31:58.130658+00
32;0;4;2023-02-07 08:21:45.05533+00
32;0;4;2023-02-08 08:17:30.544866+00
32;0;4;2023-02-09 08:36:24.209566+00
32;0;4;2023-02-10 08:07:29.785434+00
32;0;4;2023-02-13 08:40:48.08984+00
32;0;4;2023-02-14 08:05:50.694256+00
32;0;4;2023-02-15 08:13:57.936953+00
32;0;4;2023-02-16 08:09:23.104374+00
32;0;4;2023-02-17 08:01:48.506104+00
32;0;4;2023-02-20 07:46:54.114794+00
32;0;4;2023-02-21 07:16:04.282281+00
32;0;4;2023-02-22 08:26:50.087495+00
32;0;4;2023-02-23 08:30:46.735677+00
32;0;4;2023-02-24 07:46:45.991881+00
32;0;4;2023-02-27 15:16:14.541454+00
32;0;4;2023-02-28 10:02:22.105835+00
32;0;4;2023-03-01 09:59:17.259816+00
32;0;4;2023-03-02 08:07:17.64602+00
32;0;4;2023-03-03 08:20:32.776654+00
32;0;4;2023-03-06 08:44:35.723345+00
32;0;4;2023-03-07 08:44:53.576625+00
32;0;4;2023-03-08 08:19:11.705935+00
32;0;4;2023-03-09 07:45:05.378619+00
32;0;4;2023-03-10 08:59:47.058329+00
32;0;4;2023-03-13 08:00:47.725552+00
33;0;4;2022-12-11 21:32:05.735216+00
33;1;3;2022-12-18 20:26:00.322794+00
33;0;3;2022-12-25 18:50:05.686569+00
33;1;4;2022-12-28 02:04:07.353859+00
33;2;2;2022-12-29 21:27:59.372894+00
33;3;2;2022-12-30 12:08:43.970355+00
33;0;3;2022-12-31 07:20:16.062387+00
33;3;2;2023-01-16 19:41:48.207133+00
33;1;3;2023-01-17 18:02:19.35477+00
33;1;3;2023-01-22 23:11:43.10446+00
33;2;2;2023-01-25 07:47:28.470634+00
33;2;3;2023-01-27 17:36:52.754138+00
33;2;3;2023-02-02 01:29:49.830377+00
33;3;2;2023-02-03 10:30:32.397769+00
33;3;3;2023-02-04 16:16:31.79579+00
33;3;2;2023-02-05 21:03:32.492187+00
33;3;3;2023-02-06 10:11:19.208162+00
33;3;3;2023-02-07 17:48:43.739511+00
33;3;3;2023-02-08 07:44:36.972898+00
33;2;3;2023-02-13 12:45:20.999212+00
33;2;3;2023-02-14 08:03:57.966633+00
33;2;3;2023-02-16 00:43:43.825805+00
33;3;2;2023-02-18 00:47:22.626306+00
33;2;3;2023-02-19 08:57:05.961366+00
33;3;2;2023-02-22 08:02:11.061916+00
33;3;3;2023-02-25 19:03:25.138878+00
33;3;2;2023-02-27 21:38:15.740912+00
33;3;2;2023-02-28 08:35:05.548569+00
33;3;2;2023-03-01 08:33:35.249792+00
33;3;2;2023-03-02 14:02:56.914625+00
34;3;2;2022-12-20 10:33:48.135801+00
34;0;0;2022-12-21 18:32:40.432255+00
34;0;3;2022-12-22 11:42:10.697469+00
34;0;3;2023-01-02 12:44:52.463953+00
34;0;0;2023-01-05 20:11:58.762216+00
34;0;2;2023-01-07 17:46:03.273494+00
34;3;2;2023-01-09 19:57:47.185989+00
34;2;3;2023-01-13 10:16:59.138647+00
34;3;3;2023-01-14 13:14:06.413358+00
34;2;3;2023-01-16 10:12:04.166514+00
34;3;4;2023-01-25 18:00:24.875653+00
34;2;2;2023-01-28 17:20:52.630601+00
34;2;2;2023-01-29 04:53:16.303665+00
35;1;2;2022-12-20 11:13:42.635778+00
35;1;2;2023-01-03 10:19:31.945753+00
35;1;2;2023-01-12 09:15:19.810264+00
35;3;2;2023-01-29 10:14:16.647956+00
35;2;2;2023-03-01 12:17:39.988281+00
36;3;3;2022-12-07 19:39:46.967183+00
36;1;3;2022-12-08 21:31:38.069142+00
36;1;3;2022-12-09 18:08:10.694592+00
36;1;3;2022-12-10 20:23:12.475235+00
36;1;3;2022-12-11 14:16:04.248776+00
36;1;3;2022-12-12 08:20:56.471518+00
36;3;3;2022-12-13 22:00:12.300506+00
36;1;3;2022-12-15 20:27:05.1454+00
36;1;3;2022-12-16 08:15:35.215611+00
36;1;3;2022-12-18 18:36:34.608507+00
36;1;3;2022-12-19 20:26:00.020035+00
36;1;3;2022-12-20 14:42:03.73889+00
36;1;3;2022-12-21 20:58:08.565971+00
36;0;4;2022-12-28 10:55:59.358377+00
36;1;3;2022-12-31 22:05:32.506807+00
36;1;2;2023-01-03 17:16:09.52563+00
36;1;3;2023-01-08 14:24:58.229534+00
36;1;2;2023-01-10 21:57:24.744936+00
36;1;3;2023-01-11 21:04:41.539328+00
36;2;2;2023-01-14 18:04:36.196846+00
36;3;3;2023-01-15 15:08:41.619756+00
36;3;1;2023-01-17 18:25:41.543276+00
36;3;2;2023-01-24 14:39:54.941453+00
36;1;2;2023-01-25 09:28:34.582227+00
36;3;1;2023-02-01 20:05:30.880693+00
36;1;3;2023-02-03 19:26:39.331339+00
36;1;3;2023-02-06 08:29:37.810199+00
36;1;3;2023-02-08 15:05:58.621382+00
36;1;3;2023-02-09 20:49:47.415532+00
36;2;2;2023-02-10 04:45:12.013841+00
36;1;3;2023-02-14 20:43:03.596698+00
36;1;3;2023-02-15 17:14:48.360115+00
36;1;3;2023-02-16 15:31:53.681348+00
36;1;3;2023-02-21 21:11:29.136411+00
36;1;3;2023-02-22 20:41:46.252407+00
36;1;3;2023-02-23 19:02:19.915995+00
37;1;3;2022-12-07 13:36:39.695577+00
37;1;3;2022-12-08 08:13:04.08806+00
37;0;3;2022-12-09 08:20:23.656541+00
37;2;2;2022-12-12 09:30:57.064253+00
37;1;3;2022-12-16 10:40:14.475497+00
37;1;2;2022-12-19 07:52:43.864545+00
37;1;3;2022-12-20 08:24:20.749714+00
37;1;3;2022-12-28 18:46:53.044448+00
37;1;3;2022-12-29 17:35:06.419983+00
37;1;3;2022-12-30 19:49:21.024648+00
37;1;3;2023-01-02 14:19:20.31244+00
37;1;3;2023-01-04 09:01:21.024159+00
37;1;3;2023-01-05 14:06:04.084768+00
37;1;3;2023-01-09 12:19:37.788189+00
37;1;3;2023-01-12 12:15:09.129747+00
37;1;3;2023-01-13 07:59:44.181037+00
37;1;3;2023-01-14 11:57:20.930579+00
37;1;3;2023-01-16 12:13:05.567897+00
37;1;3;2023-01-17 11:11:56.906997+00
37;1;3;2023-01-20 10:18:02.980172+00
37;1;3;2023-01-23 07:26:57.193504+00
37;1;3;2023-01-24 08:29:38.349106+00
37;1;3;2023-01-25 08:47:19.959924+00
37;1;3;2023-01-26 10:40:45.389903+00
37;1;3;2023-01-27 10:06:01.799099+00
37;1;3;2023-02-03 08:25:43.021177+00
37;1;3;2023-02-06 08:40:57.62227+00
37;1;3;2023-02-07 10:49:19.391595+00
37;1;3;2023-02-08 10:07:36.312905+00
37;1;3;2023-02-09 13:37:28.758754+00
37;1;3;2023-02-14 09:14:12.28625+00
37;1;3;2023-02-20 09:15:28.573204+00
37;1;3;2023-02-21 09:39:04.377567+00
37;1;3;2023-02-22 09:36:20.179427+00
37;1;3;2023-02-23 07:57:31.514339+00
37;1;3;2023-02-24 08:10:29.620636+00
37;1;3;2023-02-25 17:40:44.763542+00
37;1;3;2023-02-26 16:01:50.178644+00
37;1;3;2023-02-27 09:22:51.188328+00
37;1;3;2023-02-28 09:20:19.704775+00
37;1;3;2023-03-03 12:12:00.894388+00
38;1;3;2022-12-06 21:36:05.503979+00
38;0;3;2022-12-07 13:06:11.830303+00
38;3;1;2022-12-08 11:26:28.605078+00
38;0;3;2022-12-09 10:28:37.181992+00
38;0;2;2022-12-12 11:44:25.854721+00
38;0;2;2022-12-13 10:56:46.019484+00
38;1;2;2022-12-19 17:30:03.562843+00
38;0;3;2022-12-20 10:42:47.532115+00
38;0;4;2022-12-28 13:22:17.52377+00
38;0;3;2022-12-29 11:49:39.143105+00
38;1;3;2023-01-02 17:37:04.262673+00
38;1;3;2023-01-03 11:57:55.586071+00
38;1;3;2023-01-04 12:18:20.164793+00
38;1;2;2023-01-05 08:02:56.011136+00
38;2;3;2023-01-08 18:27:38.523963+00
38;1;2;2023-01-09 12:38:29.164882+00
38;1;3;2023-01-10 12:02:00.386378+00
38;1;3;2023-01-11 10:55:58.856724+00
38;3;3;2023-01-12 08:58:47.081547+00
38;1;1;2023-01-13 08:44:44.051619+00
38;1;2;2023-01-16 11:24:20.11213+00
38;2;3;2023-01-17 10:12:51.281418+00
38;1;3;2023-01-18 10:25:21.042171+00
38;0;4;2023-01-19 10:03:45.847799+00
38;1;3;2023-01-20 10:06:41.754392+00
38;1;3;2023-01-23 09:33:33.885146+00
38;0;3;2023-01-24 09:07:22.944848+00
38;2;3;2023-01-25 08:46:19.128407+00
38;1;2;2023-01-26 09:08:19.805021+00
38;0;3;2023-01-27 10:36:18.297253+00
38;1;3;2023-01-30 09:54:43.788729+00
38;1;3;2023-01-31 08:11:36.690896+00
38;0;2;2023-02-01 10:03:27.051328+00
38;2;3;2023-02-02 09:35:25.74381+00
38;2;2;2023-02-03 10:29:44.620284+00
38;3;2;2023-02-06 09:41:31.747305+00
38;1;3;2023-02-07 10:02:16.565637+00
38;1;3;2023-02-08 09:48:11.10433+00
38;1;4;2023-02-09 09:34:07.431849+00
38;1;2;2023-02-10 09:54:03.450914+00
38;1;1;2023-02-13 08:29:07.641074+00
38;3;3;2023-02-14 09:23:39.854373+00
38;1;3;2023-02-15 10:26:26.97684+00
38;3;1;2023-02-16 11:13:43.366186+00
38;1;3;2023-02-17 10:03:10.394291+00
38;1;3;2023-02-20 10:05:57.331929+00
38;1;3;2023-02-21 09:19:25.356568+00
38;1;3;2023-02-22 08:27:53.352246+00
38;1;3;2023-02-23 08:20:48.979524+00
38;1;3;2023-02-27 09:32:25.983041+00
39;1;3;2022-12-07 13:19:34.31322+00
39;0;2;2022-12-08 07:12:42.058699+00
39;0;3;2022-12-09 08:46:26.84556+00
39;3;1;2022-12-19 17:30:22.621212+00
39;2;2;2022-12-20 08:46:18.764817+00
39;1;3;2022-12-21 07:31:46.455566+00
39;2;2;2022-12-22 07:43:35.765398+00
39;1;2;2023-01-02 07:39:41.388757+00
39;2;2;2023-01-03 08:36:31.003439+00
39;1;2;2023-01-04 09:54:14.39205+00
39;1;2;2023-01-05 08:43:52.06099+00
39;1;3;2023-01-09 07:42:20.288041+00
39;1;3;2023-01-10 08:28:36.733003+00
39;1;2;2023-01-11 08:38:17.10985+00
39;3;1;2023-01-12 09:00:21.684139+00
39;1;2;2023-01-13 07:57:19.565404+00
39;3;1;2023-01-16 07:56:15.643335+00
39;3;2;2023-01-17 07:47:27.762562+00
39;1;2;2023-01-18 07:44:25.422479+00
39;3;1;2023-01-19 13:00:52.851338+00
39;1;3;2023-01-20 07:10:33.583721+00
39;2;2;2023-01-23 08:35:50.612408+00
39;1;3;2023-01-24 07:51:37.759647+00
39;3;1;2023-01-25 08:20:28.049774+00
39;1;2;2023-01-26 08:27:58.45359+00
39;1;2;2023-01-27 09:10:39.746152+00
39;1;2;2023-01-30 07:20:08.692101+00
39;1;2;2023-01-31 08:30:48.479388+00
39;1;2;2023-02-01 08:59:33.7422+00
39;1;2;2023-02-02 08:49:28.963076+00
39;1;3;2023-02-03 08:46:22.441932+00
39;2;2;2023-02-06 08:36:58.302593+00
39;3;1;2023-02-07 09:41:54.932413+00
39;1;3;2023-02-08 08:37:04.877773+00
39;1;2;2023-02-09 08:11:36.277377+00
39;1;2;2023-02-10 08:13:35.159813+00
39;3;1;2023-02-13 09:07:18.129459+00
39;1;2;2023-02-14 08:57:13.085816+00
39;1;2;2023-02-15 11:05:24.846399+00
39;3;1;2023-02-17 09:54:56.116284+00
39;1;1;2023-02-24 08:10:17.315076+00
39;3;2;2023-02-27 07:07:59.432866+00
